01:21:25:842 (00017084) > [Startup] Horizon Forbidden West™ Complete Edition
01:21:25:842 (00017084) > [Startup] ==============
01:21:25:842 (00017084) > [Startup] 
01:21:25:842 (00017084) > [Startup] Build: v1.5.80.0
01:21:25:842 (00017084) > [Startup] Windows 11.0 (build 26200.8894)
01:21:25:842 (00017084) > [Startup] Distribution platform: Steam
01:21:25:842 (00017084) > [Startup] Game directory: C:\Users\SAAD JAMAL\OneDrive\Documents\Horizon Forbidden West Complete Edition\
01:21:25:842 (00017084) > [Startup] Working directory: D:\<username>\steamapps\common\Horizon Forbidden West Complete Edition
01:21:25:842 (00017084) > [Startup] Run ID: EC00-8798-F075-017E
01:21:25:842 (00017084) > [Startup] 
01:21:25:842 (00017084) > [Startup] Memory statistics:
01:21:25:842 (00017084) > [Startup]   Total RAM = 15.9 GB (16254 MB)
01:21:25:843 (00017084) > [Startup]   Avail RAM = 9.0 GB (9169 MB)
01:21:25:843 (00017084) > [Startup]   Total virtual memory = 131072.0 GB (134217727 MB)
01:21:25:843 (00017084) > [Startup]   Avail virtual memory = 131067.7 GB (134213314 MB)
01:21:25:843 (00017084) > [Startup]   Total page file = 34.9 GB (35710 MB)
01:21:25:843 (00017084) > [Startup]   Avail page file = 25.1 GB (25674 MB)
01:21:25:843 (00017084) > [Startup] 
01:21:25:843 (00017084) > [Steam] Initializing.
01:21:26:047 (00017084) > [Steam] Successfully initialized.
01:21:26:047 (00017084) > [Steam] Currently connected to 0 remote sessions
01:21:26:369 (00017084) > [NxApp] PreInit
01:21:26:369 (00017084) > [SwapChain] Initializing...
01:21:26:369 (00017084) > [DXGI] Initializing...
01:21:27:700 (00017084) > [NxApp] Streamline was successfully initialized.
01:21:27:703 (00017084) > [DXGI] Successfully initialized.
01:21:27:703 (00017084) > [Render] Enumerating adapters:
01:21:27:706 (00017084) > [Render] 	Adapter 0:
01:21:27:706 (00017084) > [Monitor] 		Description             : NVIDIA GeForce GTX 1660 Ti
01:21:27:706 (00017084) > [Monitor] 		Vendor                  : nVidia (10de)
01:21:27:706 (00017084) > [Monitor] 		Device                  : 2191
01:21:27:706 (00017084) > [Monitor] 		Sub system              : 8574103c
01:21:27:706 (00017084) > [Monitor] 		Revision                : 161
01:21:27:706 (00017084) > [Monitor] 		Dedicated Video Memory  : 5966 MB
01:21:27:706 (00017084) > [Monitor] 		Dedicated System Memory : 0000 MB
01:21:27:706 (00017084) > [Monitor] 		Shared System Memory    : 8127 MB
01:21:27:706 (00017084) > [Monitor] 
01:21:27:706 (00017084) > [Render] Loading NVAPI...
01:21:27:715 (00017084) > [Render] Done loading NVAPI
01:21:27:717 (00017084) > [Render] 	Adapter 1:
01:21:27:717 (00017084) > [Monitor] 		Description             : Microsoft Basic Render Driver
01:21:27:717 (00017084) > [Monitor] 		Vendor                  : Unknown (1414)
01:21:27:717 (00017084) > [Monitor] 		Device                  : 8c
01:21:27:717 (00017084) > [Monitor] 		Sub system              : 0
01:21:27:717 (00017084) > [Monitor] 		Revision                : 0
01:21:27:717 (00017084) > [Monitor] 		Dedicated Video Memory  : 0000 MB
01:21:27:717 (00017084) > [Monitor] 		Dedicated System Memory : 0000 MB
01:21:27:717 (00017084) > [Monitor] 		Shared System Memory    : 8127 MB
01:21:27:717 (00017084) > [Monitor] 
01:21:27:717 (00017084) > [Render] Enumerating monitors:
01:21:27:718 (00017084) > [Render] 	Monitor 0: handle = 0000000000010071, aspect = 1.78, rounded aspect = 1.78
01:21:27:718 (00017084) > [Render] 
01:21:27:718 (00017084) > [Render] Failed to get the nvidia display handle
01:21:27:719 (00017084) > [Render] Failed to get the nvidia display output ID
01:21:27:721 (00017084) > [Render] 	Monitor handle = 0000000000010071, pixel aspect ratio = 1.00
01:21:27:722 (00017084) > [SwapChain] Successfully initialized.
01:21:27:722 (00017084) > [Render] Enumerating Display Modes:
01:21:27:727 (00017084) > [Render] Querying NVAPI for Surround modes
01:21:27:831 (00017084) > [Render] NvAPI_Mosaic_GetDisplayViewportsByResolution() - no surround modes detected
01:21:27:831 (00017084) > [Render] 	Monitor '1 (NVIDIA GeForce GTX 1660 Ti(1))' (0000000000010071): rect(0 1920 0 1080)
01:21:27:832 (00017084) > [Render] 		- Mode  0 :  800 x  600 @  60 Hz, stereo = 0, hdr = 0 exclusive = 0
01:21:27:832 (00017084) > [Render] 		- Mode  1 : 1024 x  768 @  60 Hz, stereo = 0, hdr = 0 exclusive = 0
01:21:27:832 (00017084) > [Render] 		- Mode  2 : 1152 x  864 @  60 Hz, stereo = 0, hdr = 0 exclusive = 0
01:21:27:832 (00017084) > [Render] 		- Mode  3 : 1152 x  864 @  60 Hz, stereo = 0, hdr = 0 exclusive = 0
01:21:27:832 (00017084) > [Render] 		- Mode  4 : 1176 x  664 @  60 Hz, stereo = 0, hdr = 0 exclusive = 0
01:21:27:832 (00017084) > [Render] 		- Mode  5 : 1176 x  664 @  60 Hz, stereo = 0, hdr = 0 exclusive = 0
01:21:27:832 (00017084) > [Render] 		- Mode  6 : 1176 x  664 @  60 Hz, stereo = 0, hdr = 0 exclusive = 0
01:21:27:832 (00017084) > [Render] 		- Mode  7 : 1176 x  664 @  60 Hz, stereo = 0, hdr = 0 exclusive = 0
01:21:27:832 (00017084) > [Render] 		- Mode  8 : 1280 x  720 @  60 Hz, stereo = 0, hdr = 0 exclusive = 0
01:21:27:832 (00017084) > [Render] 		- Mode  9 : 1280 x  720 @  60 Hz, stereo = 0, hdr = 0 exclusive = 0
01:21:27:832 (00017084) > [Render] 		- Mode 10 : 1280 x  768 @  60 Hz, stereo = 0, hdr = 0 exclusive = 0
01:21:27:832 (00017084) > [Render] 		- Mode 11 : 1280 x  768 @  60 Hz, stereo = 0, hdr = 0 exclusive = 0
01:21:27:832 (00017084) > [Render] 		- Mode 12 : 1280 x  800 @  60 Hz, stereo = 0, hdr = 0 exclusive = 0
01:21:27:832 (00017084) > [Render] 		- Mode 13 : 1280 x  800 @  60 Hz, stereo = 0, hdr = 0 exclusive = 0
01:21:27:832 (00017084) > [Render] 		- Mode 14 : 1280 x  960 @  60 Hz, stereo = 0, hdr = 0 exclusive = 0
01:21:27:832 (00017084) > [Render] 		- Mode 15 : 1280 x  960 @  60 Hz, stereo = 0, hdr = 0 exclusive = 0
01:21:27:832 (00017084) > [Render] 		- Mode 16 : 1280 x 1024 @  60 Hz, stereo = 0, hdr = 0 exclusive = 0
01:21:27:832 (00017084) > [Render] 		- Mode 17 : 1360 x  768 @  60 Hz, stereo = 0, hdr = 0 exclusive = 0
01:21:27:832 (00017084) > [Render] 		- Mode 18 : 1360 x  768 @  60 Hz, stereo = 0, hdr = 0 exclusive = 0
01:21:27:832 (00017084) > [Render] 		- Mode 19 : 1366 x  768 @  60 Hz, stereo = 0, hdr = 0 exclusive = 0
01:21:27:832 (00017084) > [Render] 		- Mode 20 : 1366 x  768 @  60 Hz, stereo = 0, hdr = 0 exclusive = 0
01:21:27:832 (00017084) > [Render] 		- Mode 21 : 1440 x  900 @  60 Hz, stereo = 0, hdr = 0 exclusive = 0
01:21:27:832 (00017084) > [Render] 		- Mode 22 : 1440 x 1080 @  60 Hz, stereo = 0, hdr = 0 exclusive = 0
01:21:27:832 (00017084) > [Render] 		- Mode 23 : 1440 x 1080 @  60 Hz, stereo = 0, hdr = 0 exclusive = 0
01:21:27:832 (00017084) > [Render] 		- Mode 24 : 1440 x 1080 @  60 Hz, stereo = 0, hdr = 0 exclusive = 0
01:21:27:832 (00017084) > [Render] 		- Mode 25 : 1440 x 1080 @  60 Hz, stereo = 0, hdr = 0 exclusive = 0
01:21:27:832 (00017084) > [Render] 		- Mode 26 : 1600 x  900 @  60 Hz, stereo = 0, hdr = 0 exclusive = 0
01:21:27:832 (00017084) > [Render] 		- Mode 27 : 1600 x 1024 @  60 Hz, stereo = 0, hdr = 0 exclusive = 0
01:21:27:832 (00017084) > [Render] 		- Mode 28 : 1600 x 1024 @  60 Hz, stereo = 0, hdr = 0 exclusive = 0
01:21:27:832 (00017084) > [Render] 		- Mode 29 : 1680 x 1050 @  60 Hz, stereo = 0, hdr = 0 exclusive = 0
01:21:27:832 (00017084) > [Render] 		- Mode 30 : 1920 x 1080 @  60 Hz, stereo = 0, hdr = 0 exclusive = 0
01:21:27:832 (00017084) > [Render] 		- Mode 31 : 1920 x 1080 @  60 Hz, stereo = 0, hdr = 0 exclusive = 0
01:21:27:832 (00017084) > [Render] ***** Additional Monitor Output Info *****
01:21:27:832 (00017084) > [Render] 		BitsPerColor: 8
01:21:27:832 (00017084) > [Render] 		Primaries: R=0.6396;0.3330  G=0.3115;0.6260  B=0.1533;0.0703  White-Point=0.3135;0.3291
01:21:27:832 (00017084) > [Render] 		HDR: No (Color Space: DXGI_COLOR_SPACE_RGB_FULL_G22_NONE_P709)
01:21:27:832 (00017084) > [Render] 		Luminance: Min=0.5000 Max=270.0000 MaxFullFrame=270.0000
01:21:27:832 (00017084) > [Render] ******************************************
01:21:27:832 (00017084) > [Render] 
01:21:28:806 (00017084) > [NxReflex] Reflex support result:Result::eOk
01:21:28:806 (00017084) > [NxReflex] DLSSG support result:Result::eErrorNoSupportedAdapterFound
01:21:28:806 (00017084) > [NxApp] Querying GPU Driver Info...
01:21:28:810 (00017084) > [NxApp] Enumerating available display adapters:
01:21:29:044 (00017084) > [NxApp] 		NVIDIA GeForce GTX 1660 Ti (active)
01:21:29:044 (00017084) > [NxApp] Successfully found GPU Driver Info
01:21:29:044 (00017084) > [D3D] Max supported feature level: 11.0
01:21:29:044 (00017084) > [Render] Disabled D3D12 experimentals
01:21:29:435 (00017084) > [Render] VMEM Budget: 5198 MB
01:21:29:435 (00017084) > [Render] VMEM Available: 5191 MB
01:21:29:436 (00017084) > [Render] GPU node count: 1
01:21:29:485 (00017084) > [NxApp] PreInit successful.
01:21:29:490 (00017084) > [NxUpscaler] SL DLSS support: Result::eErrorNoSupportedAdapterFound
01:21:29:628 (00017084) > [NxUpscaler] XeSS init, code = 0
01:21:29:644 (00017084) > [Input] Keyboard language: "English (United States)" (id: 1033)
01:21:29:644 (00017084) > [Input] Keyboard physical layout: "US" (id: 00000409)
01:21:29:645 (00017084) > [Input] Human Input Device  "HID-compliant wireless radio controls"   product 1 vendor 1 version 1 usage 12 usagePage 1
01:21:29:645 (00017084) > [Input] Joystick            ""   product 4103 vendor 9610 version 257 usage 1 usagePage 65280 xinput no
01:21:29:645 (00017084) > [Input] Joystick            ""   product 4103 vendor 9610 version 257 usage 1 usagePage 12 xinput no
01:21:29:646 (00017084) > [Input] Joystick            ""   product 315 vendor 9610 version 8192 usage 1 usagePage 12 xinput no
01:21:29:646 (00017084) > [Input] Mouse               "HID-compliant mouse"   id 256 buttons 5 sampleRate 0 horizontalWheel no
01:21:29:646 (00017084) > [Input] Mouse               "HID-compliant mouse"   id 256 buttons 5 sampleRate 0 horizontalWheel no
01:21:29:646 (00017084) > [Input] Mouse               "Synaptics SMBus TouchPad"   id 32 buttons 5 sampleRate 40 horizontalWheel no
01:21:29:646 (00017084) > [Input] Keyboard            "HID Keyboard Device"   type 81 subType 0 mode 1 function 12 indicators 3 total 109
01:21:29:646 (00017084) > [Input] Keyboard            "HID Keyboard Device"   type 81 subType 0 mode 1 function 12 indicators 3 total 264
01:21:29:646 (00017084) > [Input] Keyboard            "HID Keyboard Device"   type 81 subType 0 mode 1 function 12 indicators 3 total 264
01:21:29:646 (00017084) > [Input] Keyboard            "Standard PS/2 Keyboard"   type 4 subType 0 mode 1 function 12 indicators 3 total 101
01:21:29:649 (00017084) > [Input] Could not initialize Windows.Gaming.Input
01:21:29:656 (00017084) > [Input] Using LibScePad
01:21:29:657 (00017084) > [XInput] Enumerating available xusb hid devices:

01:21:49:154 (00017084) > [NxReflex] Reflex support result:Result::eOk
01:21:49:170 (00017084) > [NxReflex] DLSSG support result:Result::eErrorNoSupportedAdapterFound
01:21:49:171 (00017084) > [NxApp] Driver Desc: NVIDIA GeForce GTX 1660 Ti
01:21:49:171 (00017084) > [NxApp] Driver Version: 610.74
01:21:49:171 (00017084) > [**************************************************Display + Graphics Settings**************************************************] 
01:21:49:171 (00017084) > [Settings] DirectX Version: 12
01:21:49:171 (00017084) > [Settings] Window mode: Fullscreen
01:21:49:171 (00017084) > [Settings] Fullscreen display mode:
01:21:49:171 (00017084) > [Settings] 	Displaying on monitor: 0
01:21:49:171 (00017084) > [Settings] 	Resolution: 1920x1080
01:21:49:171 (00017084) > [Settings] 	HDR: Off
01:21:49:171 (00017084) > [Settings] 	OS reported Refresh rate: 60
01:21:49:171 (00017084) > [Settings] 	VSync: On
01:21:49:171 (00017084) > [Settings] 	Reflex: Low Latency
01:21:49:171 (00017084) > [Settings] 	Frame generation: None
01:21:49:171 (00017084) > [Settings] 	Resolution modifier 1.000000
01:21:49:171 (00017084) > [Settings] 	Dynamic resolution FPS target: 30
01:21:49:171 (00017084) > [Settings] Anti aliasing: TAA

01:21:49:171 (00017084) > [Settings] Upscale method: FSR

01:21:49:171 (00017084) > [Settings] Upscale quality: Quality

01:21:49:171 (00017084) > [Settings] Upscale sharpen value: 0.000000

01:21:49:171 (00017084) > [Settings] Graphics Options:
01:21:49:171 (00017084) > [Settings] 	Texture Quality: Low
01:21:49:171 (00017084) > [Settings] 	Texture Filtering: Trilinear
01:21:49:171 (00017084) > [Settings] 	Shadow Quality: Low
01:21:49:171 (00017084) > [Settings] 	Depth of Field: Medium
01:21:49:171 (00017084) > [Settings] 	Level of Detail: Low
01:21:49:171 (00017084) > [Settings] 	Cinematic LOD: Performance
01:21:49:171 (00017084) > [Settings] 	Terrain Quality: Low
01:21:49:171 (00017084) > [Settings] 	Water Quality: Low
01:21:49:171 (00017084) > [Settings] 	Clouds Quality: Low
01:21:49:171 (00017084) > [Settings] 	Crowd Detail: Low
01:21:49:171 (00017084) > [Settings] 	Hair Quality: Low
01:21:49:171 (00017084) > [Settings] 	Ambient Occlusion: SSAO
01:21:49:171 (00017084) > [Settings] 	Screen Space Reflections: Off
01:21:49:171 (00017084) > [Settings] 	Translucency Quality: Default

01:21:49:171 (00017084) > [Settings] 	Bloom: On
01:21:49:171 (00017084) > [Settings] 	Vignette: On
01:21:49:171 (00017084) > [Settings] 	Chromatic Aberration: On
01:21:49:171 (00017084) > [Settings] 	Motion Blur: 1.000000
01:21:49:171 (00017084) > [Settings] 	FOV Correction: 1.000000
01:21:49:171 (00017084) > [Settings] 	Film Grain Strength: 1.000000
01:21:49:171 (00017084) > [Settings] 	Sharpness: 0.500000
01:21:49:171 (00017084) > [Settings] 	Lens Flares: On
01:21:49:171 (00017084) > [Settings] 	Screen Effects: On
01:21:49:171 (00017084) > [Settings] 	Parallax Occlusion: Off
01:21:49:171 (00017084) > [Settings] 	Screen Space Shadows: Off
01:21:49:171 (00017084) > [**************************************************Display + Graphics Settings**************************************************] 
01:21:49:171 (00017084) > [NxApp] Initializing module prefetch thread
01:21:49:173 (00017084) > [NxStorage] Detected device at 'D:\marouan\steamapps\common\Horizon Forbidden West Complete Edition\HashDB.bin', name: 'SAMSUNG MZVLB1T0HALR-000H1', SSD: yes, NVMe: yes
01:21:52:562 (00017084) > [NxProcessorInfo] Processor info:
01:21:52:562 (00017084) > [NxProcessorInfo] 	Description:             	Intel(R) Core(TM) i7-9750H CPU @ 2.60GHz
01:21:52:562 (00017084) > [NxProcessorInfo] 	Group Count:       	1
01:21:52:562 (00017084) > [NxProcessorInfo] 	Physical Core:     	6
01:21:52:562 (00017084) > [NxProcessorInfo] 	Logical  Core:     	12
01:21:52:562 (00017084) > [NxProcessorInfo] 	Distinct L3 Cache: 	1
01:21:52:562 (00017084) > [NxProcessorInfo] 	Family:            	6
01:21:52:562 (00017084) > [NxProcessorInfo] 	Model:             	158
01:21:52:562 (00017084) > [NxProcessorInfo] 	Name:              	Intel(R) Core(TM) i7-9750H CPU @ 2.60GHz
01:21:52:562 (00017084) > [NxProcessorInfo] 	AVX:               	1
01:21:52:562 (00017084) > [NxProcessorInfo] 	F16C:              	1
01:21:52:562 (00017084) > [NxProcessorInfo] 	AVX2:              	1
01:21:52:562 (00017084) > [NxProcessorInfo] 	NormalAffinity(auto)
01:21:52:903 (00017084) > [NxApp] Creating window...
01:21:52:907 (00020244) > [GameWindow] UpdateState bVisible true
01:21:52:942 (00017084) > [NxApp] Window created.
01:21:52:942 (00017084) > [NxApp] Initializing swapchain...
01:21:52:942 (00014608) > [SwapChain] Creating...
01:21:52:942 (00014608) > [NxSwapChainImpl] Swapchain native backbuffer (windows) resolution: 1920x1080
01:21:52:987 (00014608) > [DXGI] Created swapchain.
01:21:53:108 (00014608) > [SwapChain] Gamma correction is enabled.
01:21:53:108 (00014608) > [SwapChain] Successfully created.
01:21:53:108 (00014608) > [NxSwapChainImpl] Swapchain native backbuffer (windows) resolution: 1920x1080
01:21:53:108 (00017084) > [NxApp] Swapchain initialized
01:21:53:108 (00017084) > [NxApp] Initializing renderer...
01:21:53:108 (00017084) > [NxApp] Renderer initialized
01:21:56:342 (00011480) > [Auth] Failed
01:22:20:106 (00014608) > [NxSwapChainImpl] Swapchain native backbuffer (windows) resolution: 1920x1080
01:22:20:107 (00017084) > [NxReflex] Reflex support result:Result::eOk
01:22:20:107 (00017084) > [NxReflex] DLSSG support result:Result::eErrorNoSupportedAdapterFound
01:22:20:107 (00017084) > [Settings] New display settings are:
01:22:20:107 (00017084) > [**************************************************Display + Graphics Settings**************************************************] 
01:22:20:107 (00017084) > [Settings] DirectX Version: 12
01:22:20:107 (00017084) > [Settings] Window mode: Fullscreen
01:22:20:107 (00017084) > [Settings] Fullscreen display mode:
01:22:20:107 (00017084) > [Settings] 	Displaying on monitor: 0
01:22:20:107 (00017084) > [Settings] 	Resolution: 1920x1080
01:22:20:107 (00017084) > [Settings] 	HDR: Off
01:22:20:107 (00017084) > [Settings] 	OS reported Refresh rate: 60
01:22:20:107 (00017084) > [Settings] 	VSync: On
01:22:20:107 (00017084) > [Settings] 	Reflex: Low Latency
01:22:20:107 (00017084) > [Settings] 	Frame generation: None
01:22:20:107 (00017084) > [Settings] 	Resolution modifier 1.000000
01:22:20:107 (00017084) > [Settings] 	Dynamic resolution FPS target: 30
01:22:20:107 (00017084) > [Settings] Anti aliasing: TAA

01:22:20:107 (00017084) > [Settings] Upscale method: FSR

01:22:20:107 (00017084) > [Settings] Upscale quality: Quality

01:22:20:107 (00017084) > [Settings] Upscale sharpen value: 0.000000

01:22:20:107 (00017084) > [Settings] Graphics Options:
01:22:20:107 (00017084) > [Settings] 	Texture Quality: Low
01:22:20:107 (00017084) > [Settings] 	Texture Filtering: Trilinear
01:22:20:107 (00017084) > [Settings] 	Shadow Quality: Low
01:22:20:107 (00017084) > [Settings] 	Depth of Field: Medium
01:22:20:107 (00017084) > [Settings] 	Level of Detail: Low
01:22:20:107 (00017084) > [Settings] 	Cinematic LOD: Performance
01:22:20:107 (00017084) > [Settings] 	Terrain Quality: Low
01:22:20:107 (00017084) > [Settings] 	Water Quality: Low
01:22:20:107 (00017084) > [Settings] 	Clouds Quality: Low
01:22:20:107 (00017084) > [Settings] 	Crowd Detail: Low
01:22:20:107 (00017084) > [Settings] 	Hair Quality: Low
01:22:20:107 (00017084) > [Settings] 	Ambient Occlusion: SSAO
01:22:20:107 (00017084) > [Settings] 	Screen Space Reflections: Off
01:22:20:107 (00017084) > [Settings] 	Translucency Quality: Default

01:22:20:107 (00017084) > [Settings] 	Bloom: On
01:22:20:107 (00017084) > [Settings] 	Vignette: On
01:22:20:107 (00017084) > [Settings] 	Chromatic Aberration: On
01:22:20:107 (00017084) > [Settings] 	Motion Blur: 1.000000
01:22:20:107 (00017084) > [Settings] 	FOV Correction: 1.000000
01:22:20:107 (00017084) > [Settings] 	Film Grain Strength: 1.000000
01:22:20:107 (00017084) > [Settings] 	Sharpness: 0.500000
01:22:20:107 (00017084) > [Settings] 	Lens Flares: On
01:22:20:107 (00017084) > [Settings] 	Screen Effects: On
01:22:20:107 (00017084) > [Settings] 	Parallax Occlusion: Off
01:22:20:107 (00017084) > [Settings] 	Screen Space Shadows: Off
01:22:20:107 (00017084) > [**************************************************Display + Graphics Settings**************************************************] 
01:22:20:107 (00017084) > [Settings] End of settings.
01:22:24:884 (00014608) > [NxSwapChainImpl] Swapchain native backbuffer (windows) resolution: 1920x1080
01:22:24:884 (00017084) > [Settings] New display settings are:
01:22:24:884 (00017084) > [**************************************************Display + Graphics Settings**************************************************] 
01:22:24:884 (00017084) > [Settings] DirectX Version: 12
01:22:24:884 (00017084) > [Settings] Window mode: Fullscreen
01:22:24:884 (00017084) > [Settings] Fullscreen display mode:
01:22:24:884 (00017084) > [Settings] 	Displaying on monitor: 0
01:22:24:884 (00017084) > [Settings] 	Resolution: 1920x1080
01:22:24:884 (00017084) > [Settings] 	HDR: Off
01:22:24:884 (00017084) > [Settings] 	OS reported Refresh rate: 60
01:22:24:884 (00017084) > [Settings] 	VSync: On
01:22:24:884 (00017084) > [Settings] 	Reflex: Low Latency
01:22:24:884 (00017084) > [Settings] 	Frame generation: None
01:22:24:884 (00017084) > [Settings] 	Resolution modifier 1.000000
01:22:24:884 (00017084) > [Settings] 	Dynamic resolution FPS target: 30
01:22:24:884 (00017084) > [Settings] Anti aliasing: TAA

01:22:24:884 (00017084) > [Settings] Upscale method: FSR

01:22:24:884 (00017084) > [Settings] Upscale quality: Quality

01:22:24:884 (00017084) > [Settings] Upscale sharpen value: 0.000000

01:22:24:884 (00017084) > [Settings] Graphics Options:
01:22:24:884 (00017084) > [Settings] 	Texture Quality: Low
01:22:24:884 (00017084) > [Settings] 	Texture Filtering: Trilinear
01:22:24:884 (00017084) > [Settings] 	Shadow Quality: Low
01:22:24:884 (00017084) > [Settings] 	Depth of Field: Medium
01:22:24:884 (00017084) > [Settings] 	Level of Detail: Low
01:22:24:884 (00017084) > [Settings] 	Cinematic LOD: Performance
01:22:24:884 (00017084) > [Settings] 	Terrain Quality: Low
01:22:24:884 (00017084) > [Settings] 	Water Quality: Low
01:22:24:884 (00017084) > [Settings] 	Clouds Quality: Low
01:22:24:884 (00017084) > [Settings] 	Crowd Detail: Low
01:22:24:884 (00017084) > [Settings] 	Hair Quality: Low
01:22:24:884 (00017084) > [Settings] 	Ambient Occlusion: SSAO
01:22:24:884 (00017084) > [Settings] 	Screen Space Reflections: Off
01:22:24:884 (00017084) > [Settings] 	Translucency Quality: Default

01:22:24:884 (00017084) > [Settings] 	Bloom: On
01:22:24:884 (00017084) > [Settings] 	Vignette: On
01:22:24:884 (00017084) > [Settings] 	Chromatic Aberration: On
01:22:24:884 (00017084) > [Settings] 	Motion Blur: 1.000000
01:22:24:884 (00017084) > [Settings] 	FOV Correction: 1.000000
01:22:24:884 (00017084) > [Settings] 	Film Grain Strength: 1.000000
01:22:24:884 (00017084) > [Settings] 	Sharpness: 0.500000
01:22:24:884 (00017084) > [Settings] 	Lens Flares: On
01:22:24:884 (00017084) > [Settings] 	Screen Effects: On
01:22:24:884 (00017084) > [Settings] 	Parallax Occlusion: Off
01:22:24:884 (00017084) > [Settings] 	Screen Space Shadows: Off
01:22:24:884 (00017084) > [**************************************************Display + Graphics Settings**************************************************] 
01:22:24:884 (00017084) > [Settings] End of settings.
01:22:24:887 (00017084) > [NxApp] Finished enforcing display settings
01:22:25:000 (00014608) > [NxSwapChainImpl] Swapchain native backbuffer (windows) resolution: 1920x1080
01:22:25:000 (00017084) > [Settings] New display settings are:
01:22:25:000 (00017084) > [**************************************************Display + Graphics Settings**************************************************] 
01:22:25:000 (00017084) > [Settings] DirectX Version: 12
01:22:25:000 (00017084) > [Settings] Window mode: Fullscreen
01:22:25:000 (00017084) > [Settings] Fullscreen display mode:
01:22:25:000 (00017084) > [Settings] 	Displaying on monitor: 0
01:22:25:000 (00017084) > [Settings] 	Resolution: 1920x1080
01:22:25:000 (00017084) > [Settings] 	HDR: Off
01:22:25:000 (00017084) > [Settings] 	OS reported Refresh rate: 60
01:22:25:000 (00017084) > [Settings] 	VSync: On
01:22:25:000 (00017084) > [Settings] 	Reflex: Low Latency
01:22:25:000 (00017084) > [Settings] 	Frame generation: None
01:22:25:000 (00017084) > [Settings] 	Resolution modifier 1.000000
01:22:25:000 (00017084) > [Settings] 	Dynamic resolution FPS target: 30
01:22:25:000 (00017084) > [Settings] Anti aliasing: TAA

01:22:25:000 (00017084) > [Settings] Upscale method: FSR

01:22:25:000 (00017084) > [Settings] Upscale quality: Quality

01:22:25:000 (00017084) > [Settings] Upscale sharpen value: 0.000000

01:22:25:000 (00017084) > [Settings] Graphics Options:
01:22:25:000 (00017084) > [Settings] 	Texture Quality: Low
01:22:25:000 (00017084) > [Settings] 	Texture Filtering: Trilinear
01:22:25:001 (00017084) > [Settings] 	Shadow Quality: Low
01:22:25:001 (00017084) > [Settings] 	Depth of Field: Medium
01:22:25:001 (00017084) > [Settings] 	Level of Detail: Low
01:22:25:001 (00017084) > [Settings] 	Cinematic LOD: Performance
01:22:25:001 (00017084) > [Settings] 	Terrain Quality: Low
01:22:25:001 (00017084) > [Settings] 	Water Quality: Low
01:22:25:001 (00017084) > [Settings] 	Clouds Quality: Low
01:22:25:001 (00017084) > [Settings] 	Crowd Detail: Low
01:22:25:001 (00017084) > [Settings] 	Hair Quality: Low
01:22:25:001 (00017084) > [Settings] 	Ambient Occlusion: SSAO
01:22:25:001 (00017084) > [Settings] 	Screen Space Reflections: Off
01:22:25:001 (00017084) > [Settings] 	Translucency Quality: Default

01:22:25:001 (00017084) > [Settings] 	Bloom: On
01:22:25:001 (00017084) > [Settings] 	Vignette: On
01:22:25:001 (00017084) > [Settings] 	Chromatic Aberration: On
01:22:25:001 (00017084) > [Settings] 	Motion Blur: 1.000000
01:22:25:001 (00017084) > [Settings] 	FOV Correction: 1.000000
01:22:25:001 (00017084) > [Settings] 	Film Grain Strength: 1.000000
01:22:25:001 (00017084) > [Settings] 	Sharpness: 0.500000
01:22:25:001 (00017084) > [Settings] 	Lens Flares: On
01:22:25:001 (00017084) > [Settings] 	Screen Effects: On
01:22:25:001 (00017084) > [Settings] 	Parallax Occlusion: Off
01:22:25:001 (00017084) > [Settings] 	Screen Space Shadows: Off
01:22:25:001 (00017084) > [**************************************************Display + Graphics Settings**************************************************] 
01:22:25:001 (00017084) > [Settings] End of settings.
01:22:25:004 (00017084) > [NxApp] Finished enforcing display settings
01:22:25:017 (00014608) > [NxSwapChainImpl] Swapchain native backbuffer (windows) resolution: 1920x1080
01:22:25:017 (00017084) > [Settings] New display settings are:
01:22:25:017 (00017084) > [**************************************************Display + Graphics Settings**************************************************] 
01:22:25:017 (00017084) > [Settings] DirectX Version: 12
01:22:25:017 (00017084) > [Settings] Window mode: Fullscreen
01:22:25:017 (00017084) > [Settings] Fullscreen display mode:
01:22:25:017 (00017084) > [Settings] 	Displaying on monitor: 0
01:22:25:017 (00017084) > [Settings] 	Resolution: 1920x1080
01:22:25:017 (00017084) > [Settings] 	HDR: Off
01:22:25:017 (00017084) > [Settings] 	OS reported Refresh rate: 60
01:22:25:017 (00017084) > [Settings] 	VSync: On
01:22:25:017 (00017084) > [Settings] 	Reflex: Low Latency
01:22:25:017 (00017084) > [Settings] 	Frame generation: None
01:22:25:017 (00017084) > [Settings] 	Resolution modifier 1.000000
01:22:25:017 (00017084) > [Settings] 	Dynamic resolution FPS target: 30
01:22:25:017 (00017084) > [Settings] Anti aliasing: TAA

01:22:25:017 (00017084) > [Settings] Upscale method: FSR

01:22:25:017 (00017084) > [Settings] Upscale quality: Quality

01:22:25:017 (00017084) > [Settings] Upscale sharpen value: 0.000000

01:22:25:017 (00017084) > [Settings] Graphics Options:
01:22:25:017 (00017084) > [Settings] 	Texture Quality: Low
01:22:25:017 (00017084) > [Settings] 	Texture Filtering: Trilinear
01:22:25:017 (00017084) > [Settings] 	Shadow Quality: Low
01:22:25:017 (00017084) > [Settings] 	Depth of Field: Medium
01:22:25:017 (00017084) > [Settings] 	Level of Detail: Low
01:22:25:017 (00017084) > [Settings] 	Cinematic LOD: Performance
01:22:25:017 (00017084) > [Settings] 	Terrain Quality: Low
01:22:25:017 (00017084) > [Settings] 	Water Quality: Low
01:22:25:017 (00017084) > [Settings] 	Clouds Quality: Low
01:22:25:017 (00017084) > [Settings] 	Crowd Detail: Low
01:22:25:017 (00017084) > [Settings] 	Hair Quality: Low
01:22:25:017 (00017084) > [Settings] 	Ambient Occlusion: SSAO
01:22:25:017 (00017084) > [Settings] 	Screen Space Reflections: Off
01:22:25:017 (00017084) > [Settings] 	Translucency Quality: Default

01:22:25:017 (00017084) > [Settings] 	Bloom: On
01:22:25:017 (00017084) > [Settings] 	Vignette: On
01:22:25:017 (00017084) > [Settings] 	Chromatic Aberration: On
01:22:25:017 (00017084) > [Settings] 	Motion Blur: 1.000000
01:22:25:017 (00017084) > [Settings] 	FOV Correction: 1.000000
01:22:25:017 (00017084) > [Settings] 	Film Grain Strength: 1.000000
01:22:25:017 (00017084) > [Settings] 	Sharpness: 0.500000
01:22:25:017 (00017084) > [Settings] 	Lens Flares: On
01:22:25:017 (00017084) > [Settings] 	Screen Effects: On
01:22:25:017 (00017084) > [Settings] 	Parallax Occlusion: Off
01:22:25:017 (00017084) > [Settings] 	Screen Space Shadows: Off
01:22:25:017 (00017084) > [**************************************************Display + Graphics Settings**************************************************] 
01:22:25:017 (00017084) > [Settings] End of settings.
01:22:25:021 (00017084) > [NxApp] Finished enforcing display settings
01:22:25:033 (00014608) > [NxSwapChainImpl] Swapchain native backbuffer (windows) resolution: 1920x1080
01:22:25:033 (00017084) > [Settings] New display settings are:
01:22:25:033 (00017084) > [**************************************************Display + Graphics Settings**************************************************] 
01:22:25:033 (00017084) > [Settings] DirectX Version: 12
01:22:25:033 (00017084) > [Settings] Window mode: Fullscreen
01:22:25:033 (00017084) > [Settings] Fullscreen display mode:
01:22:25:033 (00017084) > [Settings] 	Displaying on monitor: 0
01:22:25:033 (00017084) > [Settings] 	Resolution: 1920x1080
01:22:25:033 (00017084) > [Settings] 	HDR: Off
01:22:25:033 (00017084) > [Settings] 	OS reported Refresh rate: 60
01:22:25:034 (00017084) > [Settings] 	VSync: On
01:22:25:034 (00017084) > [Settings] 	Reflex: Low Latency
01:22:25:034 (00017084) > [Settings] 	Frame generation: None
01:22:25:034 (00017084) > [Settings] 	Resolution modifier 1.000000
01:22:25:034 (00017084) > [Settings] 	Dynamic resolution FPS target: 30
01:22:25:034 (00017084) > [Settings] Anti aliasing: TAA

01:22:25:034 (00017084) > [Settings] Upscale method: FSR

01:22:25:034 (00017084) > [Settings] Upscale quality: Quality

01:22:25:034 (00017084) > [Settings] Upscale sharpen value: 0.000000

01:22:25:034 (00017084) > [Settings] Graphics Options:
01:22:25:034 (00017084) > [Settings] 	Texture Quality: Low
01:22:25:034 (00017084) > [Settings] 	Texture Filtering: Trilinear
01:22:25:034 (00017084) > [Settings] 	Shadow Quality: Low
01:22:25:034 (00017084) > [Settings] 	Depth of Field: Medium
01:22:25:034 (00017084) > [Settings] 	Level of Detail: Low
01:22:25:034 (00017084) > [Settings] 	Cinematic LOD: Performance
01:22:25:034 (00017084) > [Settings] 	Terrain Quality: Low
01:22:25:034 (00017084) > [Settings] 	Water Quality: Low
01:22:25:034 (00017084) > [Settings] 	Clouds Quality: Low
01:22:25:034 (00017084) > [Settings] 	Crowd Detail: Low
01:22:25:034 (00017084) > [Settings] 	Hair Quality: Low
01:22:25:034 (00017084) > [Settings] 	Ambient Occlusion: SSAO
01:22:25:034 (00017084) > [Settings] 	Screen Space Reflections: Off
01:22:25:034 (00017084) > [Settings] 	Translucency Quality: Default

01:22:25:034 (00017084) > [Settings] 	Bloom: On
01:22:25:034 (00017084) > [Settings] 	Vignette: On
01:22:25:034 (00017084) > [Settings] 	Chromatic Aberration: On
01:22:25:034 (00017084) > [Settings] 	Motion Blur: 1.000000
01:22:25:034 (00017084) > [Settings] 	FOV Correction: 1.000000
01:22:25:034 (00017084) > [Settings] 	Film Grain Strength: 1.000000
01:22:25:034 (00017084) > [Settings] 	Sharpness: 0.500000
01:22:25:034 (00017084) > [Settings] 	Lens Flares: On
01:22:25:034 (00017084) > [Settings] 	Screen Effects: On
01:22:25:034 (00017084) > [Settings] 	Parallax Occlusion: Off
01:22:25:034 (00017084) > [Settings] 	Screen Space Shadows: Off
01:22:25:034 (00017084) > [**************************************************Display + Graphics Settings**************************************************] 
01:22:25:034 (00017084) > [Settings] End of settings.
01:22:25:037 (00017084) > [NxApp] Finished enforcing display settings
01:22:25:050 (00014608) > [NxSwapChainImpl] Swapchain native backbuffer (windows) resolution: 1920x1080
01:22:25:050 (00017084) > [Settings] New display settings are:
01:22:25:050 (00017084) > [**************************************************Display + Graphics Settings**************************************************] 
01:22:25:050 (00017084) > [Settings] DirectX Version: 12
01:22:25:050 (00017084) > [Settings] Window mode: Fullscreen
01:22:25:050 (00017084) > [Settings] Fullscreen display mode:
01:22:25:050 (00017084) > [Settings] 	Displaying on monitor: 0
01:22:25:050 (00017084) > [Settings] 	Resolution: 1920x1080
01:22:25:050 (00017084) > [Settings] 	HDR: Off
01:22:25:050 (00017084) > [Settings] 	OS reported Refresh rate: 60
01:22:25:050 (00017084) > [Settings] 	VSync: On
01:22:25:050 (00017084) > [Settings] 	Reflex: Low Latency
01:22:25:050 (00017084) > [Settings] 	Frame generation: None
01:22:25:050 (00017084) > [Settings] 	Resolution modifier 1.000000
01:22:25:050 (00017084) > [Settings] 	Dynamic resolution FPS target: 30
01:22:25:050 (00017084) > [Settings] Anti aliasing: TAA

01:22:25:050 (00017084) > [Settings] Upscale method: FSR

01:22:25:050 (00017084) > [Settings] Upscale quality: Quality

01:22:25:050 (00017084) > [Settings] Upscale sharpen value: 0.000000

01:22:25:050 (00017084) > [Settings] Graphics Options:
01:22:25:050 (00017084) > [Settings] 	Texture Quality: Low
01:22:25:050 (00017084) > [Settings] 	Texture Filtering: Trilinear
01:22:25:051 (00017084) > [Settings] 	Shadow Quality: Low
01:22:25:051 (00017084) > [Settings] 	Depth of Field: Medium
01:22:25:051 (00017084) > [Settings] 	Level of Detail: Low
01:22:25:051 (00017084) > [Settings] 	Cinematic LOD: Performance
01:22:25:051 (00017084) > [Settings] 	Terrain Quality: Low
01:22:25:051 (00017084) > [Settings] 	Water Quality: Low
01:22:25:051 (00017084) > [Settings] 	Clouds Quality: Low
01:22:25:051 (00017084) > [Settings] 	Crowd Detail: Low
01:22:25:051 (00017084) > [Settings] 	Hair Quality: Low
01:22:25:051 (00017084) > [Settings] 	Ambient Occlusion: SSAO
01:22:25:051 (00017084) > [Settings] 	Screen Space Reflections: Off
01:22:25:051 (00017084) > [Settings] 	Translucency Quality: Default

01:22:25:051 (00017084) > [Settings] 	Bloom: On
01:22:25:051 (00017084) > [Settings] 	Vignette: On
01:22:25:051 (00017084) > [Settings] 	Chromatic Aberration: On
01:22:25:051 (00017084) > [Settings] 	Motion Blur: 1.000000
01:22:25:051 (00017084) > [Settings] 	FOV Correction: 1.000000
01:22:25:051 (00017084) > [Settings] 	Film Grain Strength: 1.000000
01:22:25:051 (00017084) > [Settings] 	Sharpness: 0.500000
01:22:25:051 (00017084) > [Settings] 	Lens Flares: On
01:22:25:051 (00017084) > [Settings] 	Screen Effects: On
01:22:25:051 (00017084) > [Settings] 	Parallax Occlusion: Off
01:22:25:051 (00017084) > [Settings] 	Screen Space Shadows: Off
01:22:25:051 (00017084) > [**************************************************Display + Graphics Settings**************************************************] 
01:22:25:051 (00017084) > [Settings] End of settings.
01:22:25:056 (00017084) > [NxApp] Finished enforcing display settings
01:22:25:217 (00014608) > [NxSwapChainImpl] Swapchain native backbuffer (windows) resolution: 1920x1080
01:22:25:217 (00017084) > [Settings] New display settings are:
01:22:25:217 (00017084) > [**************************************************Display + Graphics Settings**************************************************] 
01:22:25:217 (00017084) > [Settings] DirectX Version: 12
01:22:25:217 (00017084) > [Settings] Window mode: Fullscreen
01:22:25:217 (00017084) > [Settings] Fullscreen display mode:
01:22:25:217 (00017084) > [Settings] 	Displaying on monitor: 0
01:22:25:217 (00017084) > [Settings] 	Resolution: 1920x1080
01:22:25:217 (00017084) > [Settings] 	HDR: Off
01:22:25:217 (00017084) > [Settings] 	OS reported Refresh rate: 60
01:22:25:217 (00017084) > [Settings] 	VSync: On
01:22:25:217 (00017084) > [Settings] 	Reflex: Low Latency
01:22:25:217 (00017084) > [Settings] 	Frame generation: None
01:22:25:217 (00017084) > [Settings] 	Resolution modifier 1.000000
01:22:25:217 (00017084) > [Settings] 	Dynamic resolution FPS target: 30
01:22:25:217 (00017084) > [Settings] Anti aliasing: TAA

01:22:25:217 (00017084) > [Settings] Upscale method: FSR

01:22:25:217 (00017084) > [Settings] Upscale quality: Quality

01:22:25:217 (00017084) > [Settings] Upscale sharpen value: 0.000000

01:22:25:217 (00017084) > [Settings] Graphics Options:
01:22:25:217 (00017084) > [Settings] 	Texture Quality: Low
01:22:25:217 (00017084) > [Settings] 	Texture Filtering: Trilinear
01:22:25:217 (00017084) > [Settings] 	Shadow Quality: Low
01:22:25:217 (00017084) > [Settings] 	Depth of Field: Medium
01:22:25:217 (00017084) > [Settings] 	Level of Detail: Low
01:22:25:217 (00017084) > [Settings] 	Cinematic LOD: Performance
01:22:25:217 (00017084) > [Settings] 	Terrain Quality: Low
01:22:25:217 (00017084) > [Settings] 	Water Quality: Low
01:22:25:217 (00017084) > [Settings] 	Clouds Quality: Low
01:22:25:217 (00017084) > [Settings] 	Crowd Detail: Low
01:22:25:217 (00017084) > [Settings] 	Hair Quality: Low
01:22:25:217 (00017084) > [Settings] 	Ambient Occlusion: SSAO
01:22:25:217 (00017084) > [Settings] 	Screen Space Reflections: Off
01:22:25:217 (00017084) > [Settings] 	Translucency Quality: Default

01:22:25:217 (00017084) > [Settings] 	Bloom: On
01:22:25:217 (00017084) > [Settings] 	Vignette: On
01:22:25:217 (00017084) > [Settings] 	Chromatic Aberration: On
01:22:25:217 (00017084) > [Settings] 	Motion Blur: 1.000000
01:22:25:217 (00017084) > [Settings] 	FOV Correction: 1.000000
01:22:25:217 (00017084) > [Settings] 	Film Grain Strength: 1.000000
01:22:25:217 (00017084) > [Settings] 	Sharpness: 0.500000
01:22:25:217 (00017084) > [Settings] 	Lens Flares: On
01:22:25:217 (00017084) > [Settings] 	Screen Effects: On
01:22:25:217 (00017084) > [Settings] 	Parallax Occlusion: Off
01:22:25:217 (00017084) > [Settings] 	Screen Space Shadows: Off
01:22:25:217 (00017084) > [**************************************************Display + Graphics Settings**************************************************] 
01:22:25:217 (00017084) > [Settings] End of settings.
01:22:25:221 (00017084) > [NxApp] Finished enforcing display settings
01:22:25:233 (00014608) > [NxSwapChainImpl] Swapchain native backbuffer (windows) resolution: 1920x1080
01:22:25:234 (00017084) > [Settings] New display settings are:
01:22:25:234 (00017084) > [**************************************************Display + Graphics Settings**************************************************] 
01:22:25:234 (00017084) > [Settings] DirectX Version: 12
01:22:25:234 (00017084) > [Settings] Window mode: Fullscreen
01:22:25:234 (00017084) > [Settings] Fullscreen display mode:
01:22:25:234 (00017084) > [Settings] 	Displaying on monitor: 0
01:22:25:234 (00017084) > [Settings] 	Resolution: 1920x1080
01:22:25:234 (00017084) > [Settings] 	HDR: Off
01:22:25:234 (00017084) > [Settings] 	OS reported Refresh rate: 60
01:22:25:234 (00017084) > [Settings] 	VSync: On
01:22:25:234 (00017084) > [Settings] 	Reflex: Low Latency
01:22:25:234 (00017084) > [Settings] 	Frame generation: None
01:22:25:234 (00017084) > [Settings] 	Resolution modifier 1.000000
01:22:25:234 (00017084) > [Settings] 	Dynamic resolution FPS target: 30
01:22:25:234 (00017084) > [Settings] Anti aliasing: TAA

01:22:25:234 (00017084) > [Settings] Upscale method: FSR

01:22:25:234 (00017084) > [Settings] Upscale quality: Quality

01:22:25:234 (00017084) > [Settings] Upscale sharpen value: 0.000000

01:22:25:234 (00017084) > [Settings] Graphics Options:
01:22:25:234 (00017084) > [Settings] 	Texture Quality: Low
01:22:25:234 (00017084) > [Settings] 	Texture Filtering: Trilinear
01:22:25:234 (00017084) > [Settings] 	Shadow Quality: Low
01:22:25:234 (00017084) > [Settings] 	Depth of Field: Medium
01:22:25:234 (00017084) > [Settings] 	Level of Detail: Low
01:22:25:234 (00017084) > [Settings] 	Cinematic LOD: Performance
01:22:25:234 (00017084) > [Settings] 	Terrain Quality: Low
01:22:25:234 (00017084) > [Settings] 	Water Quality: Low
01:22:25:234 (00017084) > [Settings] 	Clouds Quality: Low
01:22:25:234 (00017084) > [Settings] 	Crowd Detail: Low
01:22:25:234 (00017084) > [Settings] 	Hair Quality: Low
01:22:25:234 (00017084) > [Settings] 	Ambient Occlusion: SSAO
01:22:25:234 (00017084) > [Settings] 	Screen Space Reflections: Off
01:22:25:234 (00017084) > [Settings] 	Translucency Quality: Default

01:22:25:234 (00017084) > [Settings] 	Bloom: On
01:22:25:234 (00017084) > [Settings] 	Vignette: On
01:22:25:234 (00017084) > [Settings] 	Chromatic Aberration: On
01:22:25:234 (00017084) > [Settings] 	Motion Blur: 1.000000
01:22:25:234 (00017084) > [Settings] 	FOV Correction: 1.000000
01:22:25:234 (00017084) > [Settings] 	Film Grain Strength: 1.000000
01:22:25:234 (00017084) > [Settings] 	Sharpness: 0.500000
01:22:25:234 (00017084) > [Settings] 	Lens Flares: On
01:22:25:234 (00017084) > [Settings] 	Screen Effects: On
01:22:25:234 (00017084) > [Settings] 	Parallax Occlusion: Off
01:22:25:234 (00017084) > [Settings] 	Screen Space Shadows: Off
01:22:25:234 (00017084) > [**************************************************Display + Graphics Settings**************************************************] 
01:22:25:234 (00017084) > [Settings] End of settings.
01:22:25:237 (00017084) > [NxApp] Finished enforcing display settings
01:22:25:267 (00014608) > [NxSwapChainImpl] Swapchain native backbuffer (windows) resolution: 1920x1080
01:22:25:267 (00017084) > [Settings] New display settings are:
01:22:25:267 (00017084) > [**************************************************Display + Graphics Settings**************************************************] 
01:22:25:267 (00017084) > [Settings] DirectX Version: 12
01:22:25:267 (00017084) > [Settings] Window mode: Fullscreen
01:22:25:267 (00017084) > [Settings] Fullscreen display mode:
01:22:25:267 (00017084) > [Settings] 	Displaying on monitor: 0
01:22:25:267 (00017084) > [Settings] 	Resolution: 1920x1080
01:22:25:267 (00017084) > [Settings] 	HDR: Off
01:22:25:267 (00017084) > [Settings] 	OS reported Refresh rate: 60
01:22:25:267 (00017084) > [Settings] 	VSync: On
01:22:25:267 (00017084) > [Settings] 	Reflex: Low Latency
01:22:25:267 (00017084) > [Settings] 	Frame generation: None
01:22:25:267 (00017084) > [Settings] 	Resolution modifier 1.000000
01:22:25:267 (00017084) > [Settings] 	Dynamic resolution FPS target: 30
01:22:25:267 (00017084) > [Settings] Anti aliasing: TAA

01:22:25:267 (00017084) > [Settings] Upscale method: FSR

01:22:25:267 (00017084) > [Settings] Upscale quality: Quality

01:22:25:267 (00017084) > [Settings] Upscale sharpen value: 0.000000

01:22:25:267 (00017084) > [Settings] Graphics Options:
01:22:25:267 (00017084) > [Settings] 	Texture Quality: Low
01:22:25:267 (00017084) > [Settings] 	Texture Filtering: Trilinear
01:22:25:267 (00017084) > [Settings] 	Shadow Quality: Low
01:22:25:267 (00017084) > [Settings] 	Depth of Field: Medium
01:22:25:267 (00017084) > [Settings] 	Level of Detail: Low
01:22:25:267 (00017084) > [Settings] 	Cinematic LOD: Performance
01:22:25:267 (00017084) > [Settings] 	Terrain Quality: Low
01:22:25:267 (00017084) > [Settings] 	Water Quality: Low
01:22:25:267 (00017084) > [Settings] 	Clouds Quality: Low
01:22:25:267 (00017084) > [Settings] 	Crowd Detail: Low
01:22:25:267 (00017084) > [Settings] 	Hair Quality: Low
01:22:25:267 (00017084) > [Settings] 	Ambient Occlusion: SSAO
01:22:25:267 (00017084) > [Settings] 	Screen Space Reflections: Off
01:22:25:267 (00017084) > [Settings] 	Translucency Quality: Default

01:22:25:267 (00017084) > [Settings] 	Bloom: On
01:22:25:267 (00017084) > [Settings] 	Vignette: On
01:22:25:267 (00017084) > [Settings] 	Chromatic Aberration: On
01:22:25:267 (00017084) > [Settings] 	Motion Blur: 1.000000
01:22:25:267 (00017084) > [Settings] 	FOV Correction: 1.000000
01:22:25:267 (00017084) > [Settings] 	Film Grain Strength: 1.000000
01:22:25:267 (00017084) > [Settings] 	Sharpness: 0.500000
01:22:25:267 (00017084) > [Settings] 	Lens Flares: On
01:22:25:267 (00017084) > [Settings] 	Screen Effects: On
01:22:25:267 (00017084) > [Settings] 	Parallax Occlusion: Off
01:22:25:267 (00017084) > [Settings] 	Screen Space Shadows: Off
01:22:25:267 (00017084) > [**************************************************Display + Graphics Settings**************************************************] 
01:22:25:267 (00017084) > [Settings] End of settings.
01:22:25:270 (00017084) > [NxApp] Finished enforcing display settings
01:22:25:796 (00003296) > [Render] Working set: 2401MB Page file: 4866MB Video Budget: 5198MB Video Usage: 1737MB Sys Budget: 7464MB Sys Usage: 930MB Tex Usage: 276MB Tex Budget: 720MB Mesh Usage: 0MB Mesh Budget: 1730MB Demoted: 0MB fps: 18.133333
01:22:26:000 (00014608) > [NxSwapChainImpl] Swapchain native backbuffer (windows) resolution: 1920x1080
01:22:26:000 (00017084) > [Settings] New display settings are:
01:22:26:000 (00017084) > [**************************************************Display + Graphics Settings**************************************************] 
01:22:26:000 (00017084) > [Settings] DirectX Version: 12
01:22:26:000 (00017084) > [Settings] Window mode: Fullscreen
01:22:26:000 (00017084) > [Settings] Fullscreen display mode:
01:22:26:000 (00017084) > [Settings] 	Displaying on monitor: 0
01:22:26:000 (00017084) > [Settings] 	Resolution: 1920x1080
01:22:26:000 (00017084) > [Settings] 	HDR: Off
01:22:26:000 (00017084) > [Settings] 	OS reported Refresh rate: 60
01:22:26:000 (00017084) > [Settings] 	VSync: On
01:22:26:000 (00017084) > [Settings] 	Reflex: Low Latency
01:22:26:000 (00017084) > [Settings] 	Frame generation: None
01:22:26:000 (00017084) > [Settings] 	Resolution modifier 1.000000
01:22:26:000 (00017084) > [Settings] 	Dynamic resolution FPS target: 30
01:22:26:000 (00017084) > [Settings] Anti aliasing: TAA

01:22:26:000 (00017084) > [Settings] Upscale method: FSR

01:22:26:000 (00017084) > [Settings] Upscale quality: Quality

01:22:26:000 (00017084) > [Settings] Upscale sharpen value: 0.000000

01:22:26:000 (00017084) > [Settings] Graphics Options:
01:22:26:000 (00017084) > [Settings] 	Texture Quality: Low
01:22:26:001 (00017084) > [Settings] 	Texture Filtering: Trilinear
01:22:26:001 (00017084) > [Settings] 	Shadow Quality: Low
01:22:26:001 (00017084) > [Settings] 	Depth of Field: Medium
01:22:26:001 (00017084) > [Settings] 	Level of Detail: Low
01:22:26:001 (00017084) > [Settings] 	Cinematic LOD: Performance
01:22:26:001 (00017084) > [Settings] 	Terrain Quality: Low
01:22:26:001 (00017084) > [Settings] 	Water Quality: Low
01:22:26:001 (00017084) > [Settings] 	Clouds Quality: Low
01:22:26:001 (00017084) > [Settings] 	Crowd Detail: Low
01:22:26:001 (00017084) > [Settings] 	Hair Quality: Low
01:22:26:001 (00017084) > [Settings] 	Ambient Occlusion: SSAO
01:22:26:001 (00017084) > [Settings] 	Screen Space Reflections: Off
01:22:26:001 (00017084) > [Settings] 	Translucency Quality: Default

01:22:26:001 (00017084) > [Settings] 	Bloom: On
01:22:26:001 (00017084) > [Settings] 	Vignette: On
01:22:26:001 (00017084) > [Settings] 	Chromatic Aberration: On
01:22:26:001 (00017084) > [Settings] 	Motion Blur: 1.000000
01:22:26:001 (00017084) > [Settings] 	FOV Correction: 1.000000
01:22:26:001 (00017084) > [Settings] 	Film Grain Strength: 1.000000
01:22:26:001 (00017084) > [Settings] 	Sharpness: 0.500000
01:22:26:001 (00017084) > [Settings] 	Lens Flares: On
01:22:26:001 (00017084) > [Settings] 	Screen Effects: On
01:22:26:001 (00017084) > [Settings] 	Parallax Occlusion: Off
01:22:26:001 (00017084) > [Settings] 	Screen Space Shadows: Off
01:22:26:001 (00017084) > [**************************************************Display + Graphics Settings**************************************************] 
01:22:26:001 (00017084) > [Settings] End of settings.
01:22:26:005 (00017084) > [NxApp] Finished enforcing display settings
01:22:26:017 (00014608) > [NxSwapChainImpl] Swapchain native backbuffer (windows) resolution: 1920x1080
01:22:26:017 (00017084) > [Settings] New display settings are:
01:22:26:017 (00017084) > [**************************************************Display + Graphics Settings**************************************************] 
01:22:26:017 (00017084) > [Settings] DirectX Version: 12
01:22:26:017 (00017084) > [Settings] Window mode: Fullscreen
01:22:26:017 (00017084) > [Settings] Fullscreen display mode:
01:22:26:017 (00017084) > [Settings] 	Displaying on monitor: 0
01:22:26:017 (00017084) > [Settings] 	Resolution: 1920x1080
01:22:26:017 (00017084) > [Settings] 	HDR: Off
01:22:26:017 (00017084) > [Settings] 	OS reported Refresh rate: 60
01:22:26:017 (00017084) > [Settings] 	VSync: On
01:22:26:017 (00017084) > [Settings] 	Reflex: Low Latency
01:22:26:017 (00017084) > [Settings] 	Frame generation: None
01:22:26:017 (00017084) > [Settings] 	Resolution modifier 1.000000
01:22:26:017 (00017084) > [Settings] 	Dynamic resolution FPS target: 30
01:22:26:017 (00017084) > [Settings] Anti aliasing: TAA

01:22:26:017 (00017084) > [Settings] Upscale method: FSR

01:22:26:017 (00017084) > [Settings] Upscale quality: Quality

01:22:26:017 (00017084) > [Settings] Upscale sharpen value: 0.000000

01:22:26:017 (00017084) > [Settings] Graphics Options:
01:22:26:017 (00017084) > [Settings] 	Texture Quality: Low
01:22:26:017 (00017084) > [Settings] 	Texture Filtering: Trilinear
01:22:26:017 (00017084) > [Settings] 	Shadow Quality: Low
01:22:26:017 (00017084) > [Settings] 	Depth of Field: Medium
01:22:26:017 (00017084) > [Settings] 	Level of Detail: Low
01:22:26:017 (00017084) > [Settings] 	Cinematic LOD: Performance
01:22:26:017 (00017084) > [Settings] 	Terrain Quality: Low
01:22:26:017 (00017084) > [Settings] 	Water Quality: Low
01:22:26:017 (00017084) > [Settings] 	Clouds Quality: Low
01:22:26:017 (00017084) > [Settings] 	Crowd Detail: Low
01:22:26:017 (00017084) > [Settings] 	Hair Quality: Low
01:22:26:017 (00017084) > [Settings] 	Ambient Occlusion: SSAO
01:22:26:017 (00017084) > [Settings] 	Screen Space Reflections: Off
01:22:26:017 (00017084) > [Settings] 	Translucency Quality: Default

01:22:26:017 (00017084) > [Settings] 	Bloom: On
01:22:26:017 (00017084) > [Settings] 	Vignette: On
01:22:26:017 (00017084) > [Settings] 	Chromatic Aberration: On
01:22:26:017 (00017084) > [Settings] 	Motion Blur: 1.000000
01:22:26:017 (00017084) > [Settings] 	FOV Correction: 1.000000
01:22:26:017 (00017084) > [Settings] 	Film Grain Strength: 1.000000
01:22:26:017 (00017084) > [Settings] 	Sharpness: 0.500000
01:22:26:017 (00017084) > [Settings] 	Lens Flares: On
01:22:26:017 (00017084) > [Settings] 	Screen Effects: On
01:22:26:017 (00017084) > [Settings] 	Parallax Occlusion: Off
01:22:26:017 (00017084) > [Settings] 	Screen Space Shadows: Off
01:22:26:017 (00017084) > [**************************************************Display + Graphics Settings**************************************************] 
01:22:26:017 (00017084) > [Settings] End of settings.
01:22:26:021 (00017084) > [NxApp] Finished enforcing display settings
01:22:26:034 (00014608) > [NxSwapChainImpl] Swapchain native backbuffer (windows) resolution: 1920x1080
01:22:26:034 (00017084) > [Settings] New display settings are:
01:22:26:034 (00017084) > [**************************************************Display + Graphics Settings**************************************************] 
01:22:26:034 (00017084) > [Settings] DirectX Version: 12
01:22:26:034 (00017084) > [Settings] Window mode: Fullscreen
01:22:26:034 (00017084) > [Settings] Fullscreen display mode:
01:22:26:034 (00017084) > [Settings] 	Displaying on monitor: 0
01:22:26:034 (00017084) > [Settings] 	Resolution: 1920x1080
01:22:26:034 (00017084) > [Settings] 	HDR: Off
01:22:26:034 (00017084) > [Settings] 	OS reported Refresh rate: 60
01:22:26:034 (00017084) > [Settings] 	VSync: On
01:22:26:034 (00017084) > [Settings] 	Reflex: Low Latency
01:22:26:034 (00017084) > [Settings] 	Frame generation: None
01:22:26:034 (00017084) > [Settings] 	Resolution modifier 1.000000
01:22:26:034 (00017084) > [Settings] 	Dynamic resolution FPS target: 30
01:22:26:034 (00017084) > [Settings] Anti aliasing: TAA

01:22:26:034 (00017084) > [Settings] Upscale method: FSR

01:22:26:034 (00017084) > [Settings] Upscale quality: Quality

01:22:26:034 (00017084) > [Settings] Upscale sharpen value: 0.000000

01:22:26:034 (00017084) > [Settings] Graphics Options:
01:22:26:034 (00017084) > [Settings] 	Texture Quality: Low
01:22:26:034 (00017084) > [Settings] 	Texture Filtering: Trilinear
01:22:26:034 (00017084) > [Settings] 	Shadow Quality: Low
01:22:26:034 (00017084) > [Settings] 	Depth of Field: Medium
01:22:26:034 (00017084) > [Settings] 	Level of Detail: Low
01:22:26:034 (00017084) > [Settings] 	Cinematic LOD: Performance
01:22:26:034 (00017084) > [Settings] 	Terrain Quality: Low
01:22:26:034 (00017084) > [Settings] 	Water Quality: Low
01:22:26:034 (00017084) > [Settings] 	Clouds Quality: Low
01:22:26:034 (00017084) > [Settings] 	Crowd Detail: Low
01:22:26:034 (00017084) > [Settings] 	Hair Quality: Low
01:22:26:034 (00017084) > [Settings] 	Ambient Occlusion: SSAO
01:22:26:034 (00017084) > [Settings] 	Screen Space Reflections: Off
01:22:26:034 (00017084) > [Settings] 	Translucency Quality: Default

01:22:26:034 (00017084) > [Settings] 	Bloom: On
01:22:26:034 (00017084) > [Settings] 	Vignette: On
01:22:26:034 (00017084) > [Settings] 	Chromatic Aberration: On
01:22:26:034 (00017084) > [Settings] 	Motion Blur: 1.000000
01:22:26:034 (00017084) > [Settings] 	FOV Correction: 1.000000
01:22:26:034 (00017084) > [Settings] 	Film Grain Strength: 1.000000
01:22:26:034 (00017084) > [Settings] 	Sharpness: 0.500000
01:22:26:034 (00017084) > [Settings] 	Lens Flares: On
01:22:26:034 (00017084) > [Settings] 	Screen Effects: On
01:22:26:034 (00017084) > [Settings] 	Parallax Occlusion: Off
01:22:26:034 (00017084) > [Settings] 	Screen Space Shadows: Off
01:22:26:034 (00017084) > [**************************************************Display + Graphics Settings**************************************************] 
01:22:26:034 (00017084) > [Settings] End of settings.
01:22:26:038 (00017084) > [NxApp] Finished enforcing display settings
01:22:26:050 (00014608) > [NxSwapChainImpl] Swapchain native backbuffer (windows) resolution: 1920x1080
01:22:26:050 (00017084) > [Settings] New display settings are:
01:22:26:050 (00017084) > [**************************************************Display + Graphics Settings**************************************************] 
01:22:26:050 (00017084) > [Settings] DirectX Version: 12
01:22:26:050 (00017084) > [Settings] Window mode: Fullscreen
01:22:26:050 (00017084) > [Settings] Fullscreen display mode:
01:22:26:050 (00017084) > [Settings] 	Displaying on monitor: 0
01:22:26:050 (00017084) > [Settings] 	Resolution: 1920x1080
01:22:26:050 (00017084) > [Settings] 	HDR: Off
01:22:26:050 (00017084) > [Settings] 	OS reported Refresh rate: 60
01:22:26:050 (00017084) > [Settings] 	VSync: On
01:22:26:050 (00017084) > [Settings] 	Reflex: Low Latency
01:22:26:050 (00017084) > [Settings] 	Frame generation: None
01:22:26:050 (00017084) > [Settings] 	Resolution modifier 1.000000
01:22:26:050 (00017084) > [Settings] 	Dynamic resolution FPS target: 30
01:22:26:050 (00017084) > [Settings] Anti aliasing: TAA

01:22:26:050 (00017084) > [Settings] Upscale method: FSR

01:22:26:050 (00017084) > [Settings] Upscale quality: Quality

01:22:26:050 (00017084) > [Settings] Upscale sharpen value: 0.000000

01:22:26:050 (00017084) > [Settings] Graphics Options:
01:22:26:050 (00017084) > [Settings] 	Texture Quality: Low
01:22:26:050 (00017084) > [Settings] 	Texture Filtering: Trilinear
01:22:26:050 (00017084) > [Settings] 	Shadow Quality: Low
01:22:26:050 (00017084) > [Settings] 	Depth of Field: Medium
01:22:26:050 (00017084) > [Settings] 	Level of Detail: Low
01:22:26:050 (00017084) > [Settings] 	Cinematic LOD: Performance
01:22:26:050 (00017084) > [Settings] 	Terrain Quality: Low
01:22:26:050 (00017084) > [Settings] 	Water Quality: Low
01:22:26:050 (00017084) > [Settings] 	Clouds Quality: Low
01:22:26:050 (00017084) > [Settings] 	Crowd Detail: Low
01:22:26:050 (00017084) > [Settings] 	Hair Quality: Low
01:22:26:050 (00017084) > [Settings] 	Ambient Occlusion: SSAO
01:22:26:050 (00017084) > [Settings] 	Screen Space Reflections: Off
01:22:26:050 (00017084) > [Settings] 	Translucency Quality: Default

01:22:26:050 (00017084) > [Settings] 	Bloom: On
01:22:26:050 (00017084) > [Settings] 	Vignette: On
01:22:26:051 (00017084) > [Settings] 	Chromatic Aberration: On
01:22:26:051 (00017084) > [Settings] 	Motion Blur: 1.000000
01:22:26:051 (00017084) > [Settings] 	FOV Correction: 1.000000
01:22:26:051 (00017084) > [Settings] 	Film Grain Strength: 1.000000
01:22:26:051 (00017084) > [Settings] 	Sharpness: 0.500000
01:22:26:051 (00017084) > [Settings] 	Lens Flares: On
01:22:26:051 (00017084) > [Settings] 	Screen Effects: On
01:22:26:051 (00017084) > [Settings] 	Parallax Occlusion: Off
01:22:26:051 (00017084) > [Settings] 	Screen Space Shadows: Off
01:22:26:051 (00017084) > [**************************************************Display + Graphics Settings**************************************************] 
01:22:26:051 (00017084) > [Settings] End of settings.
01:22:26:054 (00017084) > [NxApp] Finished enforcing display settings
01:22:26:084 (00014608) > [NxSwapChainImpl] Swapchain native backbuffer (windows) resolution: 1920x1080
01:22:26:084 (00017084) > [Settings] New display settings are:
01:22:26:084 (00017084) > [**************************************************Display + Graphics Settings**************************************************] 
01:22:26:084 (00017084) > [Settings] DirectX Version: 12
01:22:26:084 (00017084) > [Settings] Window mode: Fullscreen
01:22:26:084 (00017084) > [Settings] Fullscreen display mode:
01:22:26:084 (00017084) > [Settings] 	Displaying on monitor: 0
01:22:26:084 (00017084) > [Settings] 	Resolution: 1920x1080
01:22:26:084 (00017084) > [Settings] 	HDR: Off
01:22:26:084 (00017084) > [Settings] 	OS reported Refresh rate: 60
01:22:26:084 (00017084) > [Settings] 	VSync: On
01:22:26:084 (00017084) > [Settings] 	Reflex: Low Latency
01:22:26:084 (00017084) > [Settings] 	Frame generation: None
01:22:26:084 (00017084) > [Settings] 	Resolution modifier 1.000000
01:22:26:084 (00017084) > [Settings] 	Dynamic resolution FPS target: 30
01:22:26:084 (00017084) > [Settings] Anti aliasing: TAA

01:22:26:084 (00017084) > [Settings] Upscale method: FSR

01:22:26:084 (00017084) > [Settings] Upscale quality: Quality

01:22:26:084 (00017084) > [Settings] Upscale sharpen value: 0.000000

01:22:26:084 (00017084) > [Settings] Graphics Options:
01:22:26:084 (00017084) > [Settings] 	Texture Quality: Low
01:22:26:084 (00017084) > [Settings] 	Texture Filtering: Trilinear
01:22:26:084 (00017084) > [Settings] 	Shadow Quality: Low
01:22:26:084 (00017084) > [Settings] 	Depth of Field: Medium
01:22:26:084 (00017084) > [Settings] 	Level of Detail: Low
01:22:26:084 (00017084) > [Settings] 	Cinematic LOD: Performance
01:22:26:084 (00017084) > [Settings] 	Terrain Quality: Low
01:22:26:084 (00017084) > [Settings] 	Water Quality: Low
01:22:26:084 (00017084) > [Settings] 	Clouds Quality: Low
01:22:26:084 (00017084) > [Settings] 	Crowd Detail: Low
01:22:26:084 (00017084) > [Settings] 	Hair Quality: Low
01:22:26:084 (00017084) > [Settings] 	Ambient Occlusion: SSAO
01:22:26:084 (00017084) > [Settings] 	Screen Space Reflections: Off
01:22:26:084 (00017084) > [Settings] 	Translucency Quality: Default

01:22:26:084 (00017084) > [Settings] 	Bloom: On
01:22:26:084 (00017084) > [Settings] 	Vignette: On
01:22:26:084 (00017084) > [Settings] 	Chromatic Aberration: On
01:22:26:084 (00017084) > [Settings] 	Motion Blur: 1.000000
01:22:26:084 (00017084) > [Settings] 	FOV Correction: 1.000000
01:22:26:085 (00017084) > [Settings] 	Film Grain Strength: 1.000000
01:22:26:085 (00017084) > [Settings] 	Sharpness: 0.500000
01:22:26:085 (00017084) > [Settings] 	Lens Flares: On
01:22:26:085 (00017084) > [Settings] 	Screen Effects: On
01:22:26:085 (00017084) > [Settings] 	Parallax Occlusion: Off
01:22:26:085 (00017084) > [Settings] 	Screen Space Shadows: Off
01:22:26:085 (00017084) > [**************************************************Display + Graphics Settings**************************************************] 
01:22:26:085 (00017084) > [Settings] End of settings.
01:22:26:088 (00017084) > [NxApp] Finished enforcing display settings
01:22:26:100 (00014608) > [NxSwapChainImpl] Swapchain native backbuffer (windows) resolution: 1920x1080
01:22:26:100 (00017084) > [Settings] New display settings are:
01:22:26:100 (00017084) > [**************************************************Display + Graphics Settings**************************************************] 
01:22:26:100 (00017084) > [Settings] DirectX Version: 12
01:22:26:100 (00017084) > [Settings] Window mode: Fullscreen
01:22:26:100 (00017084) > [Settings] Fullscreen display mode:
01:22:26:100 (00017084) > [Settings] 	Displaying on monitor: 0
01:22:26:100 (00017084) > [Settings] 	Resolution: 1920x1080
01:22:26:100 (00017084) > [Settings] 	HDR: Off
01:22:26:101 (00017084) > [Settings] 	OS reported Refresh rate: 60
01:22:26:101 (00017084) > [Settings] 	VSync: On
01:22:26:101 (00017084) > [Settings] 	Reflex: Low Latency
01:22:26:101 (00017084) > [Settings] 	Frame generation: None
01:22:26:101 (00017084) > [Settings] 	Resolution modifier 1.000000
01:22:26:101 (00017084) > [Settings] 	Dynamic resolution FPS target: 30
01:22:26:101 (00017084) > [Settings] Anti aliasing: TAA

01:22:26:101 (00017084) > [Settings] Upscale method: FSR

01:22:26:101 (00017084) > [Settings] Upscale quality: Quality

01:22:26:101 (00017084) > [Settings] Upscale sharpen value: 0.000000

01:22:26:101 (00017084) > [Settings] Graphics Options:
01:22:26:101 (00017084) > [Settings] 	Texture Quality: Low
01:22:26:101 (00017084) > [Settings] 	Texture Filtering: Trilinear
01:22:26:101 (00017084) > [Settings] 	Shadow Quality: Low
01:22:26:101 (00017084) > [Settings] 	Depth of Field: Medium
01:22:26:101 (00017084) > [Settings] 	Level of Detail: Low
01:22:26:101 (00017084) > [Settings] 	Cinematic LOD: Performance
01:22:26:101 (00017084) > [Settings] 	Terrain Quality: Low
01:22:26:101 (00017084) > [Settings] 	Water Quality: Low
01:22:26:101 (00017084) > [Settings] 	Clouds Quality: Low
01:22:26:101 (00017084) > [Settings] 	Crowd Detail: Low
01:22:26:101 (00017084) > [Settings] 	Hair Quality: Low
01:22:26:101 (00017084) > [Settings] 	Ambient Occlusion: SSAO
01:22:26:101 (00017084) > [Settings] 	Screen Space Reflections: Off
01:22:26:101 (00017084) > [Settings] 	Translucency Quality: Default

01:22:26:101 (00017084) > [Settings] 	Bloom: On
01:22:26:101 (00017084) > [Settings] 	Vignette: On
01:22:26:101 (00017084) > [Settings] 	Chromatic Aberration: On
01:22:26:101 (00017084) > [Settings] 	Motion Blur: 1.000000
01:22:26:101 (00017084) > [Settings] 	FOV Correction: 1.000000
01:22:26:101 (00017084) > [Settings] 	Film Grain Strength: 1.000000
01:22:26:101 (00017084) > [Settings] 	Sharpness: 0.500000
01:22:26:101 (00017084) > [Settings] 	Lens Flares: On
01:22:26:101 (00017084) > [Settings] 	Screen Effects: On
01:22:26:101 (00017084) > [Settings] 	Parallax Occlusion: Off
01:22:26:101 (00017084) > [Settings] 	Screen Space Shadows: Off
01:22:26:101 (00017084) > [**************************************************Display + Graphics Settings**************************************************] 
01:22:26:101 (00017084) > [Settings] End of settings.
01:22:26:104 (00017084) > [NxApp] Finished enforcing display settings
01:22:26:117 (00014608) > [NxSwapChainImpl] Swapchain native backbuffer (windows) resolution: 1920x1080
01:22:26:117 (00017084) > [Settings] New display settings are:
01:22:26:117 (00017084) > [**************************************************Display + Graphics Settings**************************************************] 
01:22:26:117 (00017084) > [Settings] DirectX Version: 12
01:22:26:117 (00017084) > [Settings] Window mode: Fullscreen
01:22:26:117 (00017084) > [Settings] Fullscreen display mode:
01:22:26:117 (00017084) > [Settings] 	Displaying on monitor: 0
01:22:26:117 (00017084) > [Settings] 	Resolution: 1920x1080
01:22:26:117 (00017084) > [Settings] 	HDR: Off
01:22:26:117 (00017084) > [Settings] 	OS reported Refresh rate: 60
01:22:26:117 (00017084) > [Settings] 	VSync: On
01:22:26:117 (00017084) > [Settings] 	Reflex: Low Latency
01:22:26:117 (00017084) > [Settings] 	Frame generation: None
01:22:26:117 (00017084) > [Settings] 	Resolution modifier 1.000000
01:22:26:117 (00017084) > [Settings] 	Dynamic resolution FPS target: 30
01:22:26:117 (00017084) > [Settings] Anti aliasing: TAA

01:22:26:117 (00017084) > [Settings] Upscale method: FSR

01:22:26:117 (00017084) > [Settings] Upscale quality: Quality

01:22:26:117 (00017084) > [Settings] Upscale sharpen value: 0.000000

01:22:26:117 (00017084) > [Settings] Graphics Options:
01:22:26:117 (00017084) > [Settings] 	Texture Quality: Low
01:22:26:117 (00017084) > [Settings] 	Texture Filtering: Trilinear
01:22:26:117 (00017084) > [Settings] 	Shadow Quality: Low
01:22:26:117 (00017084) > [Settings] 	Depth of Field: Medium
01:22:26:117 (00017084) > [Settings] 	Level of Detail: Low
01:22:26:117 (00017084) > [Settings] 	Cinematic LOD: Performance
01:22:26:117 (00017084) > [Settings] 	Terrain Quality: Low
01:22:26:117 (00017084) > [Settings] 	Water Quality: Low
01:22:26:117 (00017084) > [Settings] 	Clouds Quality: Low
01:22:26:117 (00017084) > [Settings] 	Crowd Detail: Low
01:22:26:117 (00017084) > [Settings] 	Hair Quality: Low
01:22:26:117 (00017084) > [Settings] 	Ambient Occlusion: SSAO
01:22:26:117 (00017084) > [Settings] 	Screen Space Reflections: Off
01:22:26:117 (00017084) > [Settings] 	Translucency Quality: Default

01:22:26:117 (00017084) > [Settings] 	Bloom: On
01:22:26:117 (00017084) > [Settings] 	Vignette: On
01:22:26:117 (00017084) > [Settings] 	Chromatic Aberration: On
01:22:26:117 (00017084) > [Settings] 	Motion Blur: 1.000000
01:22:26:117 (00017084) > [Settings] 	FOV Correction: 1.000000
01:22:26:118 (00017084) > [Settings] 	Film Grain Strength: 1.000000
01:22:26:118 (00017084) > [Settings] 	Sharpness: 0.500000
01:22:26:118 (00017084) > [Settings] 	Lens Flares: On
01:22:26:118 (00017084) > [Settings] 	Screen Effects: On
01:22:26:118 (00017084) > [Settings] 	Parallax Occlusion: Off
01:22:26:118 (00017084) > [Settings] 	Screen Space Shadows: Off
01:22:26:118 (00017084) > [**************************************************Display + Graphics Settings**************************************************] 
01:22:26:118 (00017084) > [Settings] End of settings.
01:22:26:121 (00017084) > [NxApp] Finished enforcing display settings
01:22:26:134 (00014608) > [NxSwapChainImpl] Swapchain native backbuffer (windows) resolution: 1920x1080
01:22:26:134 (00017084) > [Settings] New display settings are:
01:22:26:134 (00017084) > [**************************************************Display + Graphics Settings**************************************************] 
01:22:26:134 (00017084) > [Settings] DirectX Version: 12
01:22:26:134 (00017084) > [Settings] Window mode: Fullscreen
01:22:26:134 (00017084) > [Settings] Fullscreen display mode:
01:22:26:134 (00017084) > [Settings] 	Displaying on monitor: 0
01:22:26:134 (00017084) > [Settings] 	Resolution: 1920x1080
01:22:26:134 (00017084) > [Settings] 	HDR: Off
01:22:26:134 (00017084) > [Settings] 	OS reported Refresh rate: 60
01:22:26:134 (00017084) > [Settings] 	VSync: On
01:22:26:134 (00017084) > [Settings] 	Reflex: Low Latency
01:22:26:134 (00017084) > [Settings] 	Frame generation: None
01:22:26:134 (00017084) > [Settings] 	Resolution modifier 1.000000
01:22:26:134 (00017084) > [Settings] 	Dynamic resolution FPS target: 30
01:22:26:134 (00017084) > [Settings] Anti aliasing: TAA

01:22:26:134 (00017084) > [Settings] Upscale method: FSR

01:22:26:134 (00017084) > [Settings] Upscale quality: Quality

01:22:26:134 (00017084) > [Settings] Upscale sharpen value: 0.000000

01:22:26:134 (00017084) > [Settings] Graphics Options:
01:22:26:134 (00017084) > [Settings] 	Texture Quality: Low
01:22:26:134 (00017084) > [Settings] 	Texture Filtering: Trilinear
01:22:26:134 (00017084) > [Settings] 	Shadow Quality: Low
01:22:26:134 (00017084) > [Settings] 	Depth of Field: Medium
01:22:26:134 (00017084) > [Settings] 	Level of Detail: Low
01:22:26:134 (00017084) > [Settings] 	Cinematic LOD: Performance
01:22:26:134 (00017084) > [Settings] 	Terrain Quality: Low
01:22:26:134 (00017084) > [Settings] 	Water Quality: Low
01:22:26:134 (00017084) > [Settings] 	Clouds Quality: Low
01:22:26:134 (00017084) > [Settings] 	Crowd Detail: Low
01:22:26:134 (00017084) > [Settings] 	Hair Quality: Low
01:22:26:134 (00017084) > [Settings] 	Ambient Occlusion: SSAO
01:22:26:134 (00017084) > [Settings] 	Screen Space Reflections: Off
01:22:26:134 (00017084) > [Settings] 	Translucency Quality: Default

01:22:26:134 (00017084) > [Settings] 	Bloom: On
01:22:26:134 (00017084) > [Settings] 	Vignette: On
01:22:26:134 (00017084) > [Settings] 	Chromatic Aberration: On
01:22:26:134 (00017084) > [Settings] 	Motion Blur: 1.000000
01:22:26:134 (00017084) > [Settings] 	FOV Correction: 1.000000
01:22:26:134 (00017084) > [Settings] 	Film Grain Strength: 1.000000
01:22:26:134 (00017084) > [Settings] 	Sharpness: 0.500000
01:22:26:134 (00017084) > [Settings] 	Lens Flares: On
01:22:26:134 (00017084) > [Settings] 	Screen Effects: On
01:22:26:134 (00017084) > [Settings] 	Parallax Occlusion: Off
01:22:26:134 (00017084) > [Settings] 	Screen Space Shadows: Off
01:22:26:134 (00017084) > [**************************************************Display + Graphics Settings**************************************************] 
01:22:26:134 (00017084) > [Settings] End of settings.
01:22:26:139 (00017084) > [NxApp] Finished enforcing display settings
01:22:26:150 (00014608) > [NxSwapChainImpl] Swapchain native backbuffer (windows) resolution: 1920x1080
01:22:26:150 (00017084) > [Settings] New display settings are:
01:22:26:150 (00017084) > [**************************************************Display + Graphics Settings**************************************************] 
01:22:26:150 (00017084) > [Settings] DirectX Version: 12
01:22:26:150 (00017084) > [Settings] Window mode: Fullscreen
01:22:26:150 (00017084) > [Settings] Fullscreen display mode:
01:22:26:150 (00017084) > [Settings] 	Displaying on monitor: 0
01:22:26:150 (00017084) > [Settings] 	Resolution: 1920x1080
01:22:26:150 (00017084) > [Settings] 	HDR: Off
01:22:26:150 (00017084) > [Settings] 	OS reported Refresh rate: 60
01:22:26:150 (00017084) > [Settings] 	VSync: On
01:22:26:150 (00017084) > [Settings] 	Reflex: Low Latency
01:22:26:150 (00017084) > [Settings] 	Frame generation: None
01:22:26:150 (00017084) > [Settings] 	Resolution modifier 1.000000
01:22:26:150 (00017084) > [Settings] 	Dynamic resolution FPS target: 30
01:22:26:150 (00017084) > [Settings] Anti aliasing: TAA

01:22:26:150 (00017084) > [Settings] Upscale method: FSR

01:22:26:150 (00017084) > [Settings] Upscale quality: Quality

01:22:26:150 (00017084) > [Settings] Upscale sharpen value: 0.000000

01:22:26:150 (00017084) > [Settings] Graphics Options:
01:22:26:150 (00017084) > [Settings] 	Texture Quality: Low
01:22:26:150 (00017084) > [Settings] 	Texture Filtering: Trilinear
01:22:26:150 (00017084) > [Settings] 	Shadow Quality: Low
01:22:26:150 (00017084) > [Settings] 	Depth of Field: Medium
01:22:26:150 (00017084) > [Settings] 	Level of Detail: Low
01:22:26:150 (00017084) > [Settings] 	Cinematic LOD: Performance
01:22:26:150 (00017084) > [Settings] 	Terrain Quality: Low
01:22:26:150 (00017084) > [Settings] 	Water Quality: Low
01:22:26:150 (00017084) > [Settings] 	Clouds Quality: Low
01:22:26:150 (00017084) > [Settings] 	Crowd Detail: Low
01:22:26:150 (00017084) > [Settings] 	Hair Quality: Low
01:22:26:150 (00017084) > [Settings] 	Ambient Occlusion: SSAO
01:22:26:150 (00017084) > [Settings] 	Screen Space Reflections: Off
01:22:26:150 (00017084) > [Settings] 	Translucency Quality: Default

01:22:26:150 (00017084) > [Settings] 	Bloom: On
01:22:26:150 (00017084) > [Settings] 	Vignette: On
01:22:26:150 (00017084) > [Settings] 	Chromatic Aberration: On
01:22:26:150 (00017084) > [Settings] 	Motion Blur: 1.000000
01:22:26:150 (00017084) > [Settings] 	FOV Correction: 1.000000
01:22:26:150 (00017084) > [Settings] 	Film Grain Strength: 1.000000
01:22:26:150 (00017084) > [Settings] 	Sharpness: 0.500000
01:22:26:150 (00017084) > [Settings] 	Lens Flares: On
01:22:26:150 (00017084) > [Settings] 	Screen Effects: On
01:22:26:151 (00017084) > [Settings] 	Parallax Occlusion: Off
01:22:26:151 (00017084) > [Settings] 	Screen Space Shadows: Off
01:22:26:151 (00017084) > [**************************************************Display + Graphics Settings**************************************************] 
01:22:26:151 (00017084) > [Settings] End of settings.
01:22:26:153 (00017084) > [NxApp] Finished enforcing display settings
01:22:26:167 (00014608) > [NxSwapChainImpl] Swapchain native backbuffer (windows) resolution: 1920x1080
01:22:26:167 (00017084) > [Settings] New display settings are:
01:22:26:167 (00017084) > [**************************************************Display + Graphics Settings**************************************************] 
01:22:26:167 (00017084) > [Settings] DirectX Version: 12
01:22:26:167 (00017084) > [Settings] Window mode: Fullscreen
01:22:26:167 (00017084) > [Settings] Fullscreen display mode:
01:22:26:167 (00017084) > [Settings] 	Displaying on monitor: 0
01:22:26:167 (00017084) > [Settings] 	Resolution: 1920x1080
01:22:26:167 (00017084) > [Settings] 	HDR: Off
01:22:26:167 (00017084) > [Settings] 	OS reported Refresh rate: 60
01:22:26:167 (00017084) > [Settings] 	VSync: On
01:22:26:167 (00017084) > [Settings] 	Reflex: Low Latency
01:22:26:167 (00017084) > [Settings] 	Frame generation: None
01:22:26:167 (00017084) > [Settings] 	Resolution modifier 1.000000
01:22:26:167 (00017084) > [Settings] 	Dynamic resolution FPS target: 30
01:22:26:167 (00017084) > [Settings] Anti aliasing: TAA

01:22:26:167 (00017084) > [Settings] Upscale method: FSR

01:22:26:167 (00017084) > [Settings] Upscale quality: Quality

01:22:26:167 (00017084) > [Settings] Upscale sharpen value: 0.000000

01:22:26:167 (00017084) > [Settings] Graphics Options:
01:22:26:167 (00017084) > [Settings] 	Texture Quality: Low
01:22:26:167 (00017084) > [Settings] 	Texture Filtering: Trilinear
01:22:26:167 (00017084) > [Settings] 	Shadow Quality: Low
01:22:26:167 (00017084) > [Settings] 	Depth of Field: Medium
01:22:26:167 (00017084) > [Settings] 	Level of Detail: Low
01:22:26:167 (00017084) > [Settings] 	Cinematic LOD: Performance
01:22:26:167 (00017084) > [Settings] 	Terrain Quality: Low
01:22:26:167 (00017084) > [Settings] 	Water Quality: Low
01:22:26:167 (00017084) > [Settings] 	Clouds Quality: Low
01:22:26:167 (00017084) > [Settings] 	Crowd Detail: Low
01:22:26:167 (00017084) > [Settings] 	Hair Quality: Low
01:22:26:167 (00017084) > [Settings] 	Ambient Occlusion: SSAO
01:22:26:167 (00017084) > [Settings] 	Screen Space Reflections: Off
01:22:26:167 (00017084) > [Settings] 	Translucency Quality: Default

01:22:26:167 (00017084) > [Settings] 	Bloom: On
01:22:26:167 (00017084) > [Settings] 	Vignette: On
01:22:26:167 (00017084) > [Settings] 	Chromatic Aberration: On
01:22:26:167 (00017084) > [Settings] 	Motion Blur: 1.000000
01:22:26:167 (00017084) > [Settings] 	FOV Correction: 1.000000
01:22:26:167 (00017084) > [Settings] 	Film Grain Strength: 1.000000
01:22:26:167 (00017084) > [Settings] 	Sharpness: 0.500000
01:22:26:167 (00017084) > [Settings] 	Lens Flares: On
01:22:26:167 (00017084) > [Settings] 	Screen Effects: On
01:22:26:167 (00017084) > [Settings] 	Parallax Occlusion: Off
01:22:26:167 (00017084) > [Settings] 	Screen Space Shadows: Off
01:22:26:167 (00017084) > [**************************************************Display + Graphics Settings**************************************************] 
01:22:26:167 (00017084) > [Settings] End of settings.
01:22:26:172 (00017084) > [NxApp] Finished enforcing display settings
01:22:26:183 (00014608) > [NxSwapChainImpl] Swapchain native backbuffer (windows) resolution: 1920x1080
01:22:26:184 (00017084) > [Settings] New display settings are:
01:22:26:184 (00017084) > [**************************************************Display + Graphics Settings**************************************************] 
01:22:26:184 (00017084) > [Settings] DirectX Version: 12
01:22:26:184 (00017084) > [Settings] Window mode: Fullscreen
01:22:26:184 (00017084) > [Settings] Fullscreen display mode:
01:22:26:184 (00017084) > [Settings] 	Displaying on monitor: 0
01:22:26:184 (00017084) > [Settings] 	Resolution: 1920x1080
01:22:26:184 (00017084) > [Settings] 	HDR: Off
01:22:26:184 (00017084) > [Settings] 	OS reported Refresh rate: 60
01:22:26:184 (00017084) > [Settings] 	VSync: On
01:22:26:184 (00017084) > [Settings] 	Reflex: Low Latency
01:22:26:184 (00017084) > [Settings] 	Frame generation: None
01:22:26:184 (00017084) > [Settings] 	Resolution modifier 1.000000
01:22:26:184 (00017084) > [Settings] 	Dynamic resolution FPS target: 30
01:22:26:184 (00017084) > [Settings] Anti aliasing: TAA

01:22:26:184 (00017084) > [Settings] Upscale method: FSR

01:22:26:184 (00017084) > [Settings] Upscale quality: Quality

01:22:26:184 (00017084) > [Settings] Upscale sharpen value: 0.000000

01:22:26:184 (00017084) > [Settings] Graphics Options:
01:22:26:184 (00017084) > [Settings] 	Texture Quality: Low
01:22:26:184 (00017084) > [Settings] 	Texture Filtering: Trilinear
01:22:26:184 (00017084) > [Settings] 	Shadow Quality: Low
01:22:26:184 (00017084) > [Settings] 	Depth of Field: Medium
01:22:26:184 (00017084) > [Settings] 	Level of Detail: Low
01:22:26:184 (00017084) > [Settings] 	Cinematic LOD: Performance
01:22:26:184 (00017084) > [Settings] 	Terrain Quality: Low
01:22:26:184 (00017084) > [Settings] 	Water Quality: Low
01:22:26:184 (00017084) > [Settings] 	Clouds Quality: Low
01:22:26:184 (00017084) > [Settings] 	Crowd Detail: Low
01:22:26:184 (00017084) > [Settings] 	Hair Quality: Low
01:22:26:184 (00017084) > [Settings] 	Ambient Occlusion: SSAO
01:22:26:184 (00017084) > [Settings] 	Screen Space Reflections: Off
01:22:26:184 (00017084) > [Settings] 	Translucency Quality: Default

01:22:26:184 (00017084) > [Settings] 	Bloom: On
01:22:26:184 (00017084) > [Settings] 	Vignette: On
01:22:26:184 (00017084) > [Settings] 	Chromatic Aberration: On
01:22:26:184 (00017084) > [Settings] 	Motion Blur: 1.000000
01:22:26:184 (00017084) > [Settings] 	FOV Correction: 1.000000
01:22:26:184 (00017084) > [Settings] 	Film Grain Strength: 1.000000
01:22:26:184 (00017084) > [Settings] 	Sharpness: 0.500000
01:22:26:184 (00017084) > [Settings] 	Lens Flares: On
01:22:26:184 (00017084) > [Settings] 	Screen Effects: On
01:22:26:184 (00017084) > [Settings] 	Parallax Occlusion: Off
01:22:26:184 (00017084) > [Settings] 	Screen Space Shadows: Off
01:22:26:184 (00017084) > [**************************************************Display + Graphics Settings**************************************************] 
01:22:26:184 (00017084) > [Settings] End of settings.
01:22:26:188 (00017084) > [NxApp] Finished enforcing display settings
01:22:26:200 (00014608) > [NxSwapChainImpl] Swapchain native backbuffer (windows) resolution: 1920x1080
01:22:26:200 (00017084) > [Settings] New display settings are:
01:22:26:200 (00017084) > [**************************************************Display + Graphics Settings**************************************************] 
01:22:26:200 (00017084) > [Settings] DirectX Version: 12
01:22:26:200 (00017084) > [Settings] Window mode: Fullscreen
01:22:26:200 (00017084) > [Settings] Fullscreen display mode:
01:22:26:200 (00017084) > [Settings] 	Displaying on monitor: 0
01:22:26:200 (00017084) > [Settings] 	Resolution: 1920x1080
01:22:26:200 (00017084) > [Settings] 	HDR: Off
01:22:26:200 (00017084) > [Settings] 	OS reported Refresh rate: 60
01:22:26:200 (00017084) > [Settings] 	VSync: On
01:22:26:200 (00017084) > [Settings] 	Reflex: Low Latency
01:22:26:200 (00017084) > [Settings] 	Frame generation: None
01:22:26:201 (00017084) > [Settings] 	Resolution modifier 1.000000
01:22:26:201 (00017084) > [Settings] 	Dynamic resolution FPS target: 30
01:22:26:201 (00017084) > [Settings] Anti aliasing: TAA

01:22:26:201 (00017084) > [Settings] Upscale method: FSR

01:22:26:201 (00017084) > [Settings] Upscale quality: Quality

01:22:26:201 (00017084) > [Settings] Upscale sharpen value: 0.000000

01:22:26:201 (00017084) > [Settings] Graphics Options:
01:22:26:201 (00017084) > [Settings] 	Texture Quality: Low
01:22:26:201 (00017084) > [Settings] 	Texture Filtering: Trilinear
01:22:26:201 (00017084) > [Settings] 	Shadow Quality: Low
01:22:26:201 (00017084) > [Settings] 	Depth of Field: Medium
01:22:26:201 (00017084) > [Settings] 	Level of Detail: Low
01:22:26:201 (00017084) > [Settings] 	Cinematic LOD: Performance
01:22:26:201 (00017084) > [Settings] 	Terrain Quality: Low
01:22:26:201 (00017084) > [Settings] 	Water Quality: Low
01:22:26:201 (00017084) > [Settings] 	Clouds Quality: Low
01:22:26:201 (00017084) > [Settings] 	Crowd Detail: Low
01:22:26:201 (00017084) > [Settings] 	Hair Quality: Low
01:22:26:201 (00017084) > [Settings] 	Ambient Occlusion: SSAO
01:22:26:201 (00017084) > [Settings] 	Screen Space Reflections: Off
01:22:26:201 (00017084) > [Settings] 	Translucency Quality: Default

01:22:26:201 (00017084) > [Settings] 	Bloom: On
01:22:26:201 (00017084) > [Settings] 	Vignette: On
01:22:26:201 (00017084) > [Settings] 	Chromatic Aberration: On
01:22:26:201 (00017084) > [Settings] 	Motion Blur: 1.000000
01:22:26:201 (00017084) > [Settings] 	FOV Correction: 1.000000
01:22:26:201 (00017084) > [Settings] 	Film Grain Strength: 1.000000
01:22:26:201 (00017084) > [Settings] 	Sharpness: 0.500000
01:22:26:201 (00017084) > [Settings] 	Lens Flares: On
01:22:26:201 (00017084) > [Settings] 	Screen Effects: On
01:22:26:201 (00017084) > [Settings] 	Parallax Occlusion: Off
01:22:26:201 (00017084) > [Settings] 	Screen Space Shadows: Off
01:22:26:201 (00017084) > [**************************************************Display + Graphics Settings**************************************************] 
01:22:26:201 (00017084) > [Settings] End of settings.
01:22:26:204 (00017084) > [NxApp] Finished enforcing display settings
01:22:26:234 (00014608) > [NxSwapChainImpl] Swapchain native backbuffer (windows) resolution: 1920x1080
01:22:26:234 (00017084) > [Settings] New display settings are:
01:22:26:234 (00017084) > [**************************************************Display + Graphics Settings**************************************************] 
01:22:26:234 (00017084) > [Settings] DirectX Version: 12
01:22:26:234 (00017084) > [Settings] Window mode: Fullscreen
01:22:26:234 (00017084) > [Settings] Fullscreen display mode:
01:22:26:234 (00017084) > [Settings] 	Displaying on monitor: 0
01:22:26:234 (00017084) > [Settings] 	Resolution: 1920x1080
01:22:26:234 (00017084) > [Settings] 	HDR: Off
01:22:26:234 (00017084) > [Settings] 	OS reported Refresh rate: 60
01:22:26:234 (00017084) > [Settings] 	VSync: On
01:22:26:234 (00017084) > [Settings] 	Reflex: Low Latency
01:22:26:234 (00017084) > [Settings] 	Frame generation: None
01:22:26:234 (00017084) > [Settings] 	Resolution modifier 1.000000
01:22:26:234 (00017084) > [Settings] 	Dynamic resolution FPS target: 30
01:22:26:234 (00017084) > [Settings] Anti aliasing: TAA

01:22:26:234 (00017084) > [Settings] Upscale method: FSR

01:22:26:234 (00017084) > [Settings] Upscale quality: Quality

01:22:26:234 (00017084) > [Settings] Upscale sharpen value: 0.000000

01:22:26:234 (00017084) > [Settings] Graphics Options:
01:22:26:234 (00017084) > [Settings] 	Texture Quality: Low
01:22:26:234 (00017084) > [Settings] 	Texture Filtering: Trilinear
01:22:26:234 (00017084) > [Settings] 	Shadow Quality: Low
01:22:26:234 (00017084) > [Settings] 	Depth of Field: Medium
01:22:26:234 (00017084) > [Settings] 	Level of Detail: Low
01:22:26:234 (00017084) > [Settings] 	Cinematic LOD: Performance
01:22:26:234 (00017084) > [Settings] 	Terrain Quality: Low
01:22:26:234 (00017084) > [Settings] 	Water Quality: Low
01:22:26:234 (00017084) > [Settings] 	Clouds Quality: Low
01:22:26:234 (00017084) > [Settings] 	Crowd Detail: Low
01:22:26:234 (00017084) > [Settings] 	Hair Quality: Low
01:22:26:234 (00017084) > [Settings] 	Ambient Occlusion: SSAO
01:22:26:234 (00017084) > [Settings] 	Screen Space Reflections: Off
01:22:26:234 (00017084) > [Settings] 	Translucency Quality: Default

01:22:26:234 (00017084) > [Settings] 	Bloom: On
01:22:26:234 (00017084) > [Settings] 	Vignette: On
01:22:26:234 (00017084) > [Settings] 	Chromatic Aberration: On
01:22:26:234 (00017084) > [Settings] 	Motion Blur: 1.000000
01:22:26:234 (00017084) > [Settings] 	FOV Correction: 1.000000
01:22:26:234 (00017084) > [Settings] 	Film Grain Strength: 1.000000
01:22:26:234 (00017084) > [Settings] 	Sharpness: 0.500000
01:22:26:234 (00017084) > [Settings] 	Lens Flares: On
01:22:26:234 (00017084) > [Settings] 	Screen Effects: On
01:22:26:234 (00017084) > [Settings] 	Parallax Occlusion: Off
01:22:26:234 (00017084) > [Settings] 	Screen Space Shadows: Off
01:22:26:234 (00017084) > [**************************************************Display + Graphics Settings**************************************************] 
01:22:26:234 (00017084) > [Settings] End of settings.
01:22:26:238 (00017084) > [NxApp] Finished enforcing display settings
01:22:26:250 (00014608) > [NxSwapChainImpl] Swapchain native backbuffer (windows) resolution: 1920x1080
01:22:26:250 (00017084) > [Settings] New display settings are:
01:22:26:250 (00017084) > [**************************************************Display + Graphics Settings**************************************************] 
01:22:26:250 (00017084) > [Settings] DirectX Version: 12
01:22:26:250 (00017084) > [Settings] Window mode: Fullscreen
01:22:26:250 (00017084) > [Settings] Fullscreen display mode:
01:22:26:250 (00017084) > [Settings] 	Displaying on monitor: 0
01:22:26:251 (00017084) > [Settings] 	Resolution: 1920x1080
01:22:26:251 (00017084) > [Settings] 	HDR: Off
01:22:26:251 (00017084) > [Settings] 	OS reported Refresh rate: 60
01:22:26:251 (00017084) > [Settings] 	VSync: On
01:22:26:251 (00017084) > [Settings] 	Reflex: Low Latency
01:22:26:251 (00017084) > [Settings] 	Frame generation: None
01:22:26:251 (00017084) > [Settings] 	Resolution modifier 1.000000
01:22:26:251 (00017084) > [Settings] 	Dynamic resolution FPS target: 30
01:22:26:251 (00017084) > [Settings] Anti aliasing: TAA

01:22:26:251 (00017084) > [Settings] Upscale method: FSR

01:22:26:251 (00017084) > [Settings] Upscale quality: Quality

01:22:26:251 (00017084) > [Settings] Upscale sharpen value: 0.000000

01:22:26:251 (00017084) > [Settings] Graphics Options:
01:22:26:251 (00017084) > [Settings] 	Texture Quality: Low
01:22:26:251 (00017084) > [Settings] 	Texture Filtering: Trilinear
01:22:26:251 (00017084) > [Settings] 	Shadow Quality: Low
01:22:26:251 (00017084) > [Settings] 	Depth of Field: Medium
01:22:26:251 (00017084) > [Settings] 	Level of Detail: Low
01:22:26:251 (00017084) > [Settings] 	Cinematic LOD: Performance
01:22:26:251 (00017084) > [Settings] 	Terrain Quality: Low
01:22:26:251 (00017084) > [Settings] 	Water Quality: Low
01:22:26:251 (00017084) > [Settings] 	Clouds Quality: Low
01:22:26:251 (00017084) > [Settings] 	Crowd Detail: Low
01:22:26:251 (00017084) > [Settings] 	Hair Quality: Low
01:22:26:251 (00017084) > [Settings] 	Ambient Occlusion: SSAO
01:22:26:251 (00017084) > [Settings] 	Screen Space Reflections: Off
01:22:26:251 (00017084) > [Settings] 	Translucency Quality: Default

01:22:26:251 (00017084) > [Settings] 	Bloom: On
01:22:26:251 (00017084) > [Settings] 	Vignette: On
01:22:26:251 (00017084) > [Settings] 	Chromatic Aberration: On
01:22:26:251 (00017084) > [Settings] 	Motion Blur: 1.000000
01:22:26:251 (00017084) > [Settings] 	FOV Correction: 1.000000
01:22:26:251 (00017084) > [Settings] 	Film Grain Strength: 1.000000
01:22:26:251 (00017084) > [Settings] 	Sharpness: 0.500000
01:22:26:251 (00017084) > [Settings] 	Lens Flares: On
01:22:26:251 (00017084) > [Settings] 	Screen Effects: On
01:22:26:251 (00017084) > [Settings] 	Parallax Occlusion: Off
01:22:26:251 (00017084) > [Settings] 	Screen Space Shadows: Off
01:22:26:251 (00017084) > [**************************************************Display + Graphics Settings**************************************************] 
01:22:26:251 (00017084) > [Settings] End of settings.
01:22:26:254 (00017084) > [NxApp] Finished enforcing display settings
01:22:26:267 (00014608) > [NxSwapChainImpl] Swapchain native backbuffer (windows) resolution: 1920x1080
01:22:26:267 (00017084) > [Settings] New display settings are:
01:22:26:267 (00017084) > [**************************************************Display + Graphics Settings**************************************************] 
01:22:26:267 (00017084) > [Settings] DirectX Version: 12
01:22:26:267 (00017084) > [Settings] Window mode: Fullscreen
01:22:26:267 (00017084) > [Settings] Fullscreen display mode:
01:22:26:267 (00017084) > [Settings] 	Displaying on monitor: 0
01:22:26:267 (00017084) > [Settings] 	Resolution: 1920x1080
01:22:26:267 (00017084) > [Settings] 	HDR: Off
01:22:26:267 (00017084) > [Settings] 	OS reported Refresh rate: 60
01:22:26:267 (00017084) > [Settings] 	VSync: On
01:22:26:267 (00017084) > [Settings] 	Reflex: Low Latency
01:22:26:267 (00017084) > [Settings] 	Frame generation: None
01:22:26:267 (00017084) > [Settings] 	Resolution modifier 1.000000
01:22:26:267 (00017084) > [Settings] 	Dynamic resolution FPS target: 30
01:22:26:267 (00017084) > [Settings] Anti aliasing: TAA

01:22:26:267 (00017084) > [Settings] Upscale method: FSR

01:22:26:267 (00017084) > [Settings] Upscale quality: Quality

01:22:26:267 (00017084) > [Settings] Upscale sharpen value: 0.000000

01:22:26:267 (00017084) > [Settings] Graphics Options:
01:22:26:267 (00017084) > [Settings] 	Texture Quality: Low
01:22:26:267 (00017084) > [Settings] 	Texture Filtering: Trilinear
01:22:26:267 (00017084) > [Settings] 	Shadow Quality: Low
01:22:26:267 (00017084) > [Settings] 	Depth of Field: Medium
01:22:26:267 (00017084) > [Settings] 	Level of Detail: Low
01:22:26:267 (00017084) > [Settings] 	Cinematic LOD: Performance
01:22:26:267 (00017084) > [Settings] 	Terrain Quality: Low
01:22:26:267 (00017084) > [Settings] 	Water Quality: Low
01:22:26:267 (00017084) > [Settings] 	Clouds Quality: Low
01:22:26:267 (00017084) > [Settings] 	Crowd Detail: Low
01:22:26:267 (00017084) > [Settings] 	Hair Quality: Low
01:22:26:267 (00017084) > [Settings] 	Ambient Occlusion: SSAO
01:22:26:267 (00017084) > [Settings] 	Screen Space Reflections: Off
01:22:26:267 (00017084) > [Settings] 	Translucency Quality: Default

01:22:26:267 (00017084) > [Settings] 	Bloom: On
01:22:26:267 (00017084) > [Settings] 	Vignette: On
01:22:26:267 (00017084) > [Settings] 	Chromatic Aberration: On
01:22:26:267 (00017084) > [Settings] 	Motion Blur: 1.000000
01:22:26:267 (00017084) > [Settings] 	FOV Correction: 1.000000
01:22:26:267 (00017084) > [Settings] 	Film Grain Strength: 1.000000
01:22:26:267 (00017084) > [Settings] 	Sharpness: 0.500000
01:22:26:267 (00017084) > [Settings] 	Lens Flares: On
01:22:26:267 (00017084) > [Settings] 	Screen Effects: On
01:22:26:267 (00017084) > [Settings] 	Parallax Occlusion: Off
01:22:26:267 (00017084) > [Settings] 	Screen Space Shadows: Off
01:22:26:267 (00017084) > [**************************************************Display + Graphics Settings**************************************************] 
01:22:26:267 (00017084) > [Settings] End of settings.
01:22:26:271 (00017084) > [NxApp] Finished enforcing display settings
01:22:26:283 (00014608) > [NxSwapChainImpl] Swapchain native backbuffer (windows) resolution: 1920x1080
01:22:26:284 (00017084) > [Settings] New display settings are:
01:22:26:284 (00017084) > [**************************************************Display + Graphics Settings**************************************************] 
01:22:26:284 (00017084) > [Settings] DirectX Version: 12
01:22:26:284 (00017084) > [Settings] Window mode: Fullscreen
01:22:26:284 (00017084) > [Settings] Fullscreen display mode:
01:22:26:284 (00017084) > [Settings] 	Displaying on monitor: 0
01:22:26:284 (00017084) > [Settings] 	Resolution: 1920x1080
01:22:26:284 (00017084) > [Settings] 	HDR: Off
01:22:26:284 (00017084) > [Settings] 	OS reported Refresh rate: 60
01:22:26:284 (00017084) > [Settings] 	VSync: On
01:22:26:284 (00017084) > [Settings] 	Reflex: Low Latency
01:22:26:284 (00017084) > [Settings] 	Frame generation: None
01:22:26:284 (00017084) > [Settings] 	Resolution modifier 1.000000
01:22:26:284 (00017084) > [Settings] 	Dynamic resolution FPS target: 30
01:22:26:284 (00017084) > [Settings] Anti aliasing: TAA

01:22:26:284 (00017084) > [Settings] Upscale method: FSR

01:22:26:284 (00017084) > [Settings] Upscale quality: Quality

01:22:26:284 (00017084) > [Settings] Upscale sharpen value: 0.000000

01:22:26:284 (00017084) > [Settings] Graphics Options:
01:22:26:284 (00017084) > [Settings] 	Texture Quality: Low
01:22:26:284 (00017084) > [Settings] 	Texture Filtering: Trilinear
01:22:26:284 (00017084) > [Settings] 	Shadow Quality: Low
01:22:26:284 (00017084) > [Settings] 	Depth of Field: Medium
01:22:26:284 (00017084) > [Settings] 	Level of Detail: Low
01:22:26:284 (00017084) > [Settings] 	Cinematic LOD: Performance
01:22:26:284 (00017084) > [Settings] 	Terrain Quality: Low
01:22:26:284 (00017084) > [Settings] 	Water Quality: Low
01:22:26:284 (00017084) > [Settings] 	Clouds Quality: Low
01:22:26:284 (00017084) > [Settings] 	Crowd Detail: Low
01:22:26:284 (00017084) > [Settings] 	Hair Quality: Low
01:22:26:284 (00017084) > [Settings] 	Ambient Occlusion: SSAO
01:22:26:284 (00017084) > [Settings] 	Screen Space Reflections: Off
01:22:26:284 (00017084) > [Settings] 	Translucency Quality: Default

01:22:26:284 (00017084) > [Settings] 	Bloom: On
01:22:26:284 (00017084) > [Settings] 	Vignette: On
01:22:26:284 (00017084) > [Settings] 	Chromatic Aberration: On
01:22:26:284 (00017084) > [Settings] 	Motion Blur: 1.000000
01:22:26:284 (00017084) > [Settings] 	FOV Correction: 1.000000
01:22:26:284 (00017084) > [Settings] 	Film Grain Strength: 1.000000
01:22:26:284 (00017084) > [Settings] 	Sharpness: 0.500000
01:22:26:284 (00017084) > [Settings] 	Lens Flares: On
01:22:26:284 (00017084) > [Settings] 	Screen Effects: On
01:22:26:284 (00017084) > [Settings] 	Parallax Occlusion: Off
01:22:26:284 (00017084) > [Settings] 	Screen Space Shadows: Off
01:22:26:284 (00017084) > [**************************************************Display + Graphics Settings**************************************************] 
01:22:26:284 (00017084) > [Settings] End of settings.
01:22:26:288 (00017084) > [NxApp] Finished enforcing display settings
01:22:26:300 (00014608) > [NxSwapChainImpl] Swapchain native backbuffer (windows) resolution: 1920x1080
01:22:26:300 (00017084) > [Settings] New display settings are:
01:22:26:300 (00017084) > [**************************************************Display + Graphics Settings**************************************************] 
01:22:26:300 (00017084) > [Settings] DirectX Version: 12
01:22:26:300 (00017084) > [Settings] Window mode: Fullscreen
01:22:26:300 (00017084) > [Settings] Fullscreen display mode:
01:22:26:300 (00017084) > [Settings] 	Displaying on monitor: 0
01:22:26:300 (00017084) > [Settings] 	Resolution: 1920x1080
01:22:26:300 (00017084) > [Settings] 	HDR: Off
01:22:26:300 (00017084) > [Settings] 	OS reported Refresh rate: 60
01:22:26:300 (00017084) > [Settings] 	VSync: On
01:22:26:300 (00017084) > [Settings] 	Reflex: Low Latency
01:22:26:300 (00017084) > [Settings] 	Frame generation: None
01:22:26:300 (00017084) > [Settings] 	Resolution modifier 1.000000
01:22:26:300 (00017084) > [Settings] 	Dynamic resolution FPS target: 30
01:22:26:300 (00017084) > [Settings] Anti aliasing: TAA

01:22:26:300 (00017084) > [Settings] Upscale method: FSR

01:22:26:300 (00017084) > [Settings] Upscale quality: Quality

01:22:26:300 (00017084) > [Settings] Upscale sharpen value: 0.000000

01:22:26:300 (00017084) > [Settings] Graphics Options:
01:22:26:300 (00017084) > [Settings] 	Texture Quality: Low
01:22:26:300 (00017084) > [Settings] 	Texture Filtering: Trilinear
01:22:26:300 (00017084) > [Settings] 	Shadow Quality: Low
01:22:26:300 (00017084) > [Settings] 	Depth of Field: Medium
01:22:26:300 (00017084) > [Settings] 	Level of Detail: Low
01:22:26:300 (00017084) > [Settings] 	Cinematic LOD: Performance
01:22:26:300 (00017084) > [Settings] 	Terrain Quality: Low
01:22:26:300 (00017084) > [Settings] 	Water Quality: Low
01:22:26:300 (00017084) > [Settings] 	Clouds Quality: Low
01:22:26:300 (00017084) > [Settings] 	Crowd Detail: Low
01:22:26:300 (00017084) > [Settings] 	Hair Quality: Low
01:22:26:300 (00017084) > [Settings] 	Ambient Occlusion: SSAO
01:22:26:300 (00017084) > [Settings] 	Screen Space Reflections: Off
01:22:26:300 (00017084) > [Settings] 	Translucency Quality: Default

01:22:26:300 (00017084) > [Settings] 	Bloom: On
01:22:26:300 (00017084) > [Settings] 	Vignette: On
01:22:26:300 (00017084) > [Settings] 	Chromatic Aberration: On
01:22:26:300 (00017084) > [Settings] 	Motion Blur: 1.000000
01:22:26:300 (00017084) > [Settings] 	FOV Correction: 1.000000
01:22:26:300 (00017084) > [Settings] 	Film Grain Strength: 1.000000
01:22:26:300 (00017084) > [Settings] 	Sharpness: 0.500000
01:22:26:300 (00017084) > [Settings] 	Lens Flares: On
01:22:26:300 (00017084) > [Settings] 	Screen Effects: On
01:22:26:300 (00017084) > [Settings] 	Parallax Occlusion: Off
01:22:26:300 (00017084) > [Settings] 	Screen Space Shadows: Off
01:22:26:300 (00017084) > [**************************************************Display + Graphics Settings**************************************************] 
01:22:26:300 (00017084) > [Settings] End of settings.
01:22:26:304 (00017084) > [NxApp] Finished enforcing display settings
01:22:26:317 (00014608) > [NxSwapChainImpl] Swapchain native backbuffer (windows) resolution: 1920x1080
01:22:26:317 (00017084) > [Settings] New display settings are:
01:22:26:317 (00017084) > [**************************************************Display + Graphics Settings**************************************************] 
01:22:26:317 (00017084) > [Settings] DirectX Version: 12
01:22:26:317 (00017084) > [Settings] Window mode: Fullscreen
01:22:26:317 (00017084) > [Settings] Fullscreen display mode:
01:22:26:317 (00017084) > [Settings] 	Displaying on monitor: 0
01:22:26:317 (00017084) > [Settings] 	Resolution: 1920x1080
01:22:26:317 (00017084) > [Settings] 	HDR: Off
01:22:26:317 (00017084) > [Settings] 	OS reported Refresh rate: 60
01:22:26:317 (00017084) > [Settings] 	VSync: On
01:22:26:317 (00017084) > [Settings] 	Reflex: Low Latency
01:22:26:317 (00017084) > [Settings] 	Frame generation: None
01:22:26:317 (00017084) > [Settings] 	Resolution modifier 1.000000
01:22:26:317 (00017084) > [Settings] 	Dynamic resolution FPS target: 30
01:22:26:317 (00017084) > [Settings] Anti aliasing: TAA

01:22:26:317 (00017084) > [Settings] Upscale method: FSR

01:22:26:317 (00017084) > [Settings] Upscale quality: Quality

01:22:26:317 (00017084) > [Settings] Upscale sharpen value: 0.000000

01:22:26:317 (00017084) > [Settings] Graphics Options:
01:22:26:317 (00017084) > [Settings] 	Texture Quality: Low
01:22:26:317 (00017084) > [Settings] 	Texture Filtering: Trilinear
01:22:26:317 (00017084) > [Settings] 	Shadow Quality: Low
01:22:26:317 (00017084) > [Settings] 	Depth of Field: Medium
01:22:26:317 (00017084) > [Settings] 	Level of Detail: Low
01:22:26:317 (00017084) > [Settings] 	Cinematic LOD: Performance
01:22:26:317 (00017084) > [Settings] 	Terrain Quality: Low
01:22:26:317 (00017084) > [Settings] 	Water Quality: Low
01:22:26:317 (00017084) > [Settings] 	Clouds Quality: Low
01:22:26:317 (00017084) > [Settings] 	Crowd Detail: Low
01:22:26:317 (00017084) > [Settings] 	Hair Quality: Low
01:22:26:317 (00017084) > [Settings] 	Ambient Occlusion: SSAO
01:22:26:317 (00017084) > [Settings] 	Screen Space Reflections: Off
01:22:26:317 (00017084) > [Settings] 	Translucency Quality: Default

01:22:26:317 (00017084) > [Settings] 	Bloom: On
01:22:26:317 (00017084) > [Settings] 	Vignette: On
01:22:26:317 (00017084) > [Settings] 	Chromatic Aberration: On
01:22:26:317 (00017084) > [Settings] 	Motion Blur: 1.000000
01:22:26:317 (00017084) > [Settings] 	FOV Correction: 1.000000
01:22:26:317 (00017084) > [Settings] 	Film Grain Strength: 1.000000
01:22:26:317 (00017084) > [Settings] 	Sharpness: 0.500000
01:22:26:317 (00017084) > [Settings] 	Lens Flares: On
01:22:26:317 (00017084) > [Settings] 	Screen Effects: On
01:22:26:317 (00017084) > [Settings] 	Parallax Occlusion: Off
01:22:26:317 (00017084) > [Settings] 	Screen Space Shadows: Off
01:22:26:317 (00017084) > [**************************************************Display + Graphics Settings**************************************************] 
01:22:26:318 (00017084) > [Settings] End of settings.
01:22:26:321 (00017084) > [NxApp] Finished enforcing display settings
01:22:26:400 (00014608) > [NxSwapChainImpl] Swapchain native backbuffer (windows) resolution: 1920x1080
01:22:26:401 (00017084) > [Settings] New display settings are:
01:22:26:401 (00017084) > [**************************************************Display + Graphics Settings**************************************************] 
01:22:26:401 (00017084) > [Settings] DirectX Version: 12
01:22:26:401 (00017084) > [Settings] Window mode: Fullscreen
01:22:26:401 (00017084) > [Settings] Fullscreen display mode:
01:22:26:401 (00017084) > [Settings] 	Displaying on monitor: 0
01:22:26:401 (00017084) > [Settings] 	Resolution: 1920x1080
01:22:26:401 (00017084) > [Settings] 	HDR: Off
01:22:26:401 (00017084) > [Settings] 	OS reported Refresh rate: 60
01:22:26:401 (00017084) > [Settings] 	VSync: On
01:22:26:401 (00017084) > [Settings] 	Reflex: Low Latency
01:22:26:401 (00017084) > [Settings] 	Frame generation: None
01:22:26:401 (00017084) > [Settings] 	Resolution modifier 1.000000
01:22:26:401 (00017084) > [Settings] 	Dynamic resolution FPS target: 30
01:22:26:401 (00017084) > [Settings] Anti aliasing: TAA

01:22:26:401 (00017084) > [Settings] Upscale method: FSR

01:22:26:401 (00017084) > [Settings] Upscale quality: Quality

01:22:26:401 (00017084) > [Settings] Upscale sharpen value: 0.000000

01:22:26:401 (00017084) > [Settings] Graphics Options:
01:22:26:401 (00017084) > [Settings] 	Texture Quality: Low
01:22:26:401 (00017084) > [Settings] 	Texture Filtering: Trilinear
01:22:26:401 (00017084) > [Settings] 	Shadow Quality: Low
01:22:26:401 (00017084) > [Settings] 	Depth of Field: Medium
01:22:26:401 (00017084) > [Settings] 	Level of Detail: Low
01:22:26:401 (00017084) > [Settings] 	Cinematic LOD: Performance
01:22:26:401 (00017084) > [Settings] 	Terrain Quality: Low
01:22:26:401 (00017084) > [Settings] 	Water Quality: Low
01:22:26:401 (00017084) > [Settings] 	Clouds Quality: Low
01:22:26:401 (00017084) > [Settings] 	Crowd Detail: Low
01:22:26:401 (00017084) > [Settings] 	Hair Quality: Low
01:22:26:401 (00017084) > [Settings] 	Ambient Occlusion: SSAO
01:22:26:401 (00017084) > [Settings] 	Screen Space Reflections: Off
01:22:26:401 (00017084) > [Settings] 	Translucency Quality: Default

01:22:26:401 (00017084) > [Settings] 	Bloom: On
01:22:26:401 (00017084) > [Settings] 	Vignette: On
01:22:26:401 (00017084) > [Settings] 	Chromatic Aberration: On
01:22:26:401 (00017084) > [Settings] 	Motion Blur: 1.000000
01:22:26:401 (00017084) > [Settings] 	FOV Correction: 1.000000
01:22:26:401 (00017084) > [Settings] 	Film Grain Strength: 1.000000
01:22:26:401 (00017084) > [Settings] 	Sharpness: 0.500000
01:22:26:401 (00017084) > [Settings] 	Lens Flares: On
01:22:26:401 (00017084) > [Settings] 	Screen Effects: On
01:22:26:401 (00017084) > [Settings] 	Parallax Occlusion: Off
01:22:26:401 (00017084) > [Settings] 	Screen Space Shadows: Off
01:22:26:401 (00017084) > [**************************************************Display + Graphics Settings**************************************************] 
01:22:26:401 (00017084) > [Settings] End of settings.
01:22:26:406 (00017084) > [NxApp] Finished enforcing display settings
01:22:26:467 (00014608) > [NxSwapChainImpl] Swapchain native backbuffer (windows) resolution: 1920x1080
01:22:26:467 (00017084) > [Settings] New display settings are:
01:22:26:467 (00017084) > [**************************************************Display + Graphics Settings**************************************************] 
01:22:26:467 (00017084) > [Settings] DirectX Version: 12
01:22:26:467 (00017084) > [Settings] Window mode: Fullscreen
01:22:26:467 (00017084) > [Settings] Fullscreen display mode:
01:22:26:467 (00017084) > [Settings] 	Displaying on monitor: 0
01:22:26:467 (00017084) > [Settings] 	Resolution: 1920x1080
01:22:26:467 (00017084) > [Settings] 	HDR: Off
01:22:26:468 (00017084) > [Settings] 	OS reported Refresh rate: 60
01:22:26:468 (00017084) > [Settings] 	VSync: On
01:22:26:468 (00017084) > [Settings] 	Reflex: Low Latency
01:22:26:468 (00017084) > [Settings] 	Frame generation: None
01:22:26:468 (00017084) > [Settings] 	Resolution modifier 1.000000
01:22:26:468 (00017084) > [Settings] 	Dynamic resolution FPS target: 30
01:22:26:468 (00017084) > [Settings] Anti aliasing: TAA

01:22:26:468 (00017084) > [Settings] Upscale method: FSR

01:22:26:468 (00017084) > [Settings] Upscale quality: Quality

01:22:26:468 (00017084) > [Settings] Upscale sharpen value: 0.000000

01:22:26:468 (00017084) > [Settings] Graphics Options:
01:22:26:468 (00017084) > [Settings] 	Texture Quality: Low
01:22:26:468 (00017084) > [Settings] 	Texture Filtering: Trilinear
01:22:26:468 (00017084) > [Settings] 	Shadow Quality: Low
01:22:26:468 (00017084) > [Settings] 	Depth of Field: Medium
01:22:26:468 (00017084) > [Settings] 	Level of Detail: Low
01:22:26:468 (00017084) > [Settings] 	Cinematic LOD: Performance
01:22:26:468 (00017084) > [Settings] 	Terrain Quality: Low
01:22:26:468 (00017084) > [Settings] 	Water Quality: Low
01:22:26:468 (00017084) > [Settings] 	Clouds Quality: Low
01:22:26:468 (00017084) > [Settings] 	Crowd Detail: Low
01:22:26:468 (00017084) > [Settings] 	Hair Quality: Low
01:22:26:468 (00017084) > [Settings] 	Ambient Occlusion: SSAO
01:22:26:468 (00017084) > [Settings] 	Screen Space Reflections: Off
01:22:26:468 (00017084) > [Settings] 	Translucency Quality: Default

01:22:26:468 (00017084) > [Settings] 	Bloom: On
01:22:26:468 (00017084) > [Settings] 	Vignette: On
01:22:26:468 (00017084) > [Settings] 	Chromatic Aberration: On
01:22:26:468 (00017084) > [Settings] 	Motion Blur: 1.000000
01:22:26:468 (00017084) > [Settings] 	FOV Correction: 1.000000
01:22:26:468 (00017084) > [Settings] 	Film Grain Strength: 1.000000
01:22:26:468 (00017084) > [Settings] 	Sharpness: 0.500000
01:22:26:468 (00017084) > [Settings] 	Lens Flares: On
01:22:26:468 (00017084) > [Settings] 	Screen Effects: On
01:22:26:468 (00017084) > [Settings] 	Parallax Occlusion: Off
01:22:26:468 (00017084) > [Settings] 	Screen Space Shadows: Off
01:22:26:468 (00017084) > [**************************************************Display + Graphics Settings**************************************************] 
01:22:26:468 (00017084) > [Settings] End of settings.
01:22:26:471 (00017084) > [NxApp] Finished enforcing display settings
01:22:26:484 (00014608) > [NxSwapChainImpl] Swapchain native backbuffer (windows) resolution: 1920x1080
01:22:26:484 (00017084) > [Settings] New display settings are:
01:22:26:484 (00017084) > [**************************************************Display + Graphics Settings**************************************************] 
01:22:26:484 (00017084) > [Settings] DirectX Version: 12
01:22:26:484 (00017084) > [Settings] Window mode: Fullscreen
01:22:26:484 (00017084) > [Settings] Fullscreen display mode:
01:22:26:484 (00017084) > [Settings] 	Displaying on monitor: 0
01:22:26:484 (00017084) > [Settings] 	Resolution: 1920x1080
01:22:26:484 (00017084) > [Settings] 	HDR: Off
01:22:26:484 (00017084) > [Settings] 	OS reported Refresh rate: 60
01:22:26:484 (00017084) > [Settings] 	VSync: On
01:22:26:484 (00017084) > [Settings] 	Reflex: Low Latency
01:22:26:484 (00017084) > [Settings] 	Frame generation: None
01:22:26:484 (00017084) > [Settings] 	Resolution modifier 1.000000
01:22:26:484 (00017084) > [Settings] 	Dynamic resolution FPS target: 30
01:22:26:484 (00017084) > [Settings] Anti aliasing: TAA

01:22:26:484 (00017084) > [Settings] Upscale method: FSR

01:22:26:484 (00017084) > [Settings] Upscale quality: Quality

01:22:26:484 (00017084) > [Settings] Upscale sharpen value: 0.000000

01:22:26:484 (00017084) > [Settings] Graphics Options:
01:22:26:484 (00017084) > [Settings] 	Texture Quality: Low
01:22:26:484 (00017084) > [Settings] 	Texture Filtering: Trilinear
01:22:26:484 (00017084) > [Settings] 	Shadow Quality: Low
01:22:26:484 (00017084) > [Settings] 	Depth of Field: Medium
01:22:26:484 (00017084) > [Settings] 	Level of Detail: Low
01:22:26:484 (00017084) > [Settings] 	Cinematic LOD: Performance
01:22:26:484 (00017084) > [Settings] 	Terrain Quality: Low
01:22:26:484 (00017084) > [Settings] 	Water Quality: Low
01:22:26:484 (00017084) > [Settings] 	Clouds Quality: Low
01:22:26:484 (00017084) > [Settings] 	Crowd Detail: Low
01:22:26:484 (00017084) > [Settings] 	Hair Quality: Low
01:22:26:484 (00017084) > [Settings] 	Ambient Occlusion: SSAO
01:22:26:484 (00017084) > [Settings] 	Screen Space Reflections: Off
01:22:26:484 (00017084) > [Settings] 	Translucency Quality: Default

01:22:26:484 (00017084) > [Settings] 	Bloom: On
01:22:26:484 (00017084) > [Settings] 	Vignette: On
01:22:26:484 (00017084) > [Settings] 	Chromatic Aberration: On
01:22:26:484 (00017084) > [Settings] 	Motion Blur: 1.000000
01:22:26:484 (00017084) > [Settings] 	FOV Correction: 1.000000
01:22:26:484 (00017084) > [Settings] 	Film Grain Strength: 1.000000
01:22:26:484 (00017084) > [Settings] 	Sharpness: 0.500000
01:22:26:484 (00017084) > [Settings] 	Lens Flares: On
01:22:26:484 (00017084) > [Settings] 	Screen Effects: On
01:22:26:484 (00017084) > [Settings] 	Parallax Occlusion: Off
01:22:26:484 (00017084) > [Settings] 	Screen Space Shadows: Off
01:22:26:484 (00017084) > [**************************************************Display + Graphics Settings**************************************************] 
01:22:26:484 (00017084) > [Settings] End of settings.
01:22:26:489 (00017084) > [NxApp] Finished enforcing display settings
01:22:26:501 (00014608) > [NxSwapChainImpl] Swapchain native backbuffer (windows) resolution: 1920x1080
01:22:26:501 (00017084) > [Settings] New display settings are:
01:22:26:501 (00017084) > [**************************************************Display + Graphics Settings**************************************************] 
01:22:26:501 (00017084) > [Settings] DirectX Version: 12
01:22:26:501 (00017084) > [Settings] Window mode: Fullscreen
01:22:26:501 (00017084) > [Settings] Fullscreen display mode:
01:22:26:501 (00017084) > [Settings] 	Displaying on monitor: 0
01:22:26:501 (00017084) > [Settings] 	Resolution: 1920x1080
01:22:26:501 (00017084) > [Settings] 	HDR: Off
01:22:26:501 (00017084) > [Settings] 	OS reported Refresh rate: 60
01:22:26:501 (00017084) > [Settings] 	VSync: On
01:22:26:501 (00017084) > [Settings] 	Reflex: Low Latency
01:22:26:501 (00017084) > [Settings] 	Frame generation: None
01:22:26:501 (00017084) > [Settings] 	Resolution modifier 1.000000
01:22:26:501 (00017084) > [Settings] 	Dynamic resolution FPS target: 30
01:22:26:501 (00017084) > [Settings] Anti aliasing: TAA

01:22:26:501 (00017084) > [Settings] Upscale method: FSR

01:22:26:501 (00017084) > [Settings] Upscale quality: Quality

01:22:26:501 (00017084) > [Settings] Upscale sharpen value: 0.000000

01:22:26:502 (00017084) > [Settings] Graphics Options:
01:22:26:502 (00017084) > [Settings] 	Texture Quality: Low
01:22:26:502 (00017084) > [Settings] 	Texture Filtering: Trilinear
01:22:26:502 (00017084) > [Settings] 	Shadow Quality: Low
01:22:26:502 (00017084) > [Settings] 	Depth of Field: Medium
01:22:26:502 (00017084) > [Settings] 	Level of Detail: Low
01:22:26:502 (00017084) > [Settings] 	Cinematic LOD: Performance
01:22:26:502 (00017084) > [Settings] 	Terrain Quality: Low
01:22:26:502 (00017084) > [Settings] 	Water Quality: Low
01:22:26:502 (00017084) > [Settings] 	Clouds Quality: Low
01:22:26:502 (00017084) > [Settings] 	Crowd Detail: Low
01:22:26:502 (00017084) > [Settings] 	Hair Quality: Low
01:22:26:502 (00017084) > [Settings] 	Ambient Occlusion: SSAO
01:22:26:502 (00017084) > [Settings] 	Screen Space Reflections: Off
01:22:26:502 (00017084) > [Settings] 	Translucency Quality: Default

01:22:26:502 (00017084) > [Settings] 	Bloom: On
01:22:26:502 (00017084) > [Settings] 	Vignette: On
01:22:26:502 (00017084) > [Settings] 	Chromatic Aberration: On
01:22:26:502 (00017084) > [Settings] 	Motion Blur: 1.000000
01:22:26:502 (00017084) > [Settings] 	FOV Correction: 1.000000
01:22:26:502 (00017084) > [Settings] 	Film Grain Strength: 1.000000
01:22:26:502 (00017084) > [Settings] 	Sharpness: 0.500000
01:22:26:502 (00017084) > [Settings] 	Lens Flares: On
01:22:26:502 (00017084) > [Settings] 	Screen Effects: On
01:22:26:502 (00017084) > [Settings] 	Parallax Occlusion: Off
01:22:26:502 (00017084) > [Settings] 	Screen Space Shadows: Off
01:22:26:502 (00017084) > [**************************************************Display + Graphics Settings**************************************************] 
01:22:26:502 (00017084) > [Settings] End of settings.
01:22:26:506 (00017084) > [NxApp] Finished enforcing display settings
01:22:26:517 (00014608) > [NxSwapChainImpl] Swapchain native backbuffer (windows) resolution: 1920x1080
01:22:26:517 (00017084) > [Settings] New display settings are:
01:22:26:517 (00017084) > [**************************************************Display + Graphics Settings**************************************************] 
01:22:26:517 (00017084) > [Settings] DirectX Version: 12
01:22:26:517 (00017084) > [Settings] Window mode: Fullscreen
01:22:26:517 (00017084) > [Settings] Fullscreen display mode:
01:22:26:517 (00017084) > [Settings] 	Displaying on monitor: 0
01:22:26:517 (00017084) > [Settings] 	Resolution: 1920x1080
01:22:26:517 (00017084) > [Settings] 	HDR: Off
01:22:26:517 (00017084) > [Settings] 	OS reported Refresh rate: 60
01:22:26:517 (00017084) > [Settings] 	VSync: On
01:22:26:517 (00017084) > [Settings] 	Reflex: Low Latency
01:22:26:517 (00017084) > [Settings] 	Frame generation: None
01:22:26:517 (00017084) > [Settings] 	Resolution modifier 1.000000
01:22:26:517 (00017084) > [Settings] 	Dynamic resolution FPS target: 30
01:22:26:517 (00017084) > [Settings] Anti aliasing: TAA

01:22:26:517 (00017084) > [Settings] Upscale method: FSR

01:22:26:517 (00017084) > [Settings] Upscale quality: Quality

01:22:26:517 (00017084) > [Settings] Upscale sharpen value: 0.000000

01:22:26:517 (00017084) > [Settings] Graphics Options:
01:22:26:517 (00017084) > [Settings] 	Texture Quality: Low
01:22:26:517 (00017084) > [Settings] 	Texture Filtering: Trilinear
01:22:26:517 (00017084) > [Settings] 	Shadow Quality: Low
01:22:26:517 (00017084) > [Settings] 	Depth of Field: Medium
01:22:26:517 (00017084) > [Settings] 	Level of Detail: Low
01:22:26:517 (00017084) > [Settings] 	Cinematic LOD: Performance
01:22:26:517 (00017084) > [Settings] 	Terrain Quality: Low
01:22:26:517 (00017084) > [Settings] 	Water Quality: Low
01:22:26:517 (00017084) > [Settings] 	Clouds Quality: Low
01:22:26:517 (00017084) > [Settings] 	Crowd Detail: Low
01:22:26:517 (00017084) > [Settings] 	Hair Quality: Low
01:22:26:517 (00017084) > [Settings] 	Ambient Occlusion: SSAO
01:22:26:517 (00017084) > [Settings] 	Screen Space Reflections: Off
01:22:26:517 (00017084) > [Settings] 	Translucency Quality: Default

01:22:26:517 (00017084) > [Settings] 	Bloom: On
01:22:26:517 (00017084) > [Settings] 	Vignette: On
01:22:26:517 (00017084) > [Settings] 	Chromatic Aberration: On
01:22:26:517 (00017084) > [Settings] 	Motion Blur: 1.000000
01:22:26:517 (00017084) > [Settings] 	FOV Correction: 1.000000
01:22:26:517 (00017084) > [Settings] 	Film Grain Strength: 1.000000
01:22:26:517 (00017084) > [Settings] 	Sharpness: 0.500000
01:22:26:517 (00017084) > [Settings] 	Lens Flares: On
01:22:26:517 (00017084) > [Settings] 	Screen Effects: On
01:22:26:517 (00017084) > [Settings] 	Parallax Occlusion: Off
01:22:26:517 (00017084) > [Settings] 	Screen Space Shadows: Off
01:22:26:517 (00017084) > [**************************************************Display + Graphics Settings**************************************************] 
01:22:26:517 (00017084) > [Settings] End of settings.
01:22:26:521 (00017084) > [NxApp] Finished enforcing display settings
01:22:26:534 (00014608) > [NxSwapChainImpl] Swapchain native backbuffer (windows) resolution: 1920x1080
01:22:26:534 (00017084) > [Settings] New display settings are:
01:22:26:534 (00017084) > [**************************************************Display + Graphics Settings**************************************************] 
01:22:26:534 (00017084) > [Settings] DirectX Version: 12
01:22:26:534 (00017084) > [Settings] Window mode: Fullscreen
01:22:26:534 (00017084) > [Settings] Fullscreen display mode:
01:22:26:534 (00017084) > [Settings] 	Displaying on monitor: 0
01:22:26:534 (00017084) > [Settings] 	Resolution: 1920x1080
01:22:26:534 (00017084) > [Settings] 	HDR: Off
01:22:26:534 (00017084) > [Settings] 	OS reported Refresh rate: 60
01:22:26:534 (00017084) > [Settings] 	VSync: On
01:22:26:534 (00017084) > [Settings] 	Reflex: Low Latency
01:22:26:534 (00017084) > [Settings] 	Frame generation: None
01:22:26:534 (00017084) > [Settings] 	Resolution modifier 1.000000
01:22:26:534 (00017084) > [Settings] 	Dynamic resolution FPS target: 30
01:22:26:534 (00017084) > [Settings] Anti aliasing: TAA

01:22:26:534 (00017084) > [Settings] Upscale method: FSR

01:22:26:534 (00017084) > [Settings] Upscale quality: Quality

01:22:26:534 (00017084) > [Settings] Upscale sharpen value: 0.000000

01:22:26:534 (00017084) > [Settings] Graphics Options:
01:22:26:534 (00017084) > [Settings] 	Texture Quality: Low
01:22:26:534 (00017084) > [Settings] 	Texture Filtering: Trilinear
01:22:26:534 (00017084) > [Settings] 	Shadow Quality: Low
01:22:26:534 (00017084) > [Settings] 	Depth of Field: Medium
01:22:26:534 (00017084) > [Settings] 	Level of Detail: Low
01:22:26:534 (00017084) > [Settings] 	Cinematic LOD: Performance
01:22:26:534 (00017084) > [Settings] 	Terrain Quality: Low
01:22:26:534 (00017084) > [Settings] 	Water Quality: Low
01:22:26:534 (00017084) > [Settings] 	Clouds Quality: Low
01:22:26:534 (00017084) > [Settings] 	Crowd Detail: Low
01:22:26:534 (00017084) > [Settings] 	Hair Quality: Low
01:22:26:534 (00017084) > [Settings] 	Ambient Occlusion: SSAO
01:22:26:534 (00017084) > [Settings] 	Screen Space Reflections: Off
01:22:26:534 (00017084) > [Settings] 	Translucency Quality: Default

01:22:26:534 (00017084) > [Settings] 	Bloom: On
01:22:26:534 (00017084) > [Settings] 	Vignette: On
01:22:26:534 (00017084) > [Settings] 	Chromatic Aberration: On
01:22:26:534 (00017084) > [Settings] 	Motion Blur: 1.000000
01:22:26:534 (00017084) > [Settings] 	FOV Correction: 1.000000
01:22:26:534 (00017084) > [Settings] 	Film Grain Strength: 1.000000
01:22:26:534 (00017084) > [Settings] 	Sharpness: 0.500000
01:22:26:534 (00017084) > [Settings] 	Lens Flares: On
01:22:26:534 (00017084) > [Settings] 	Screen Effects: On
01:22:26:534 (00017084) > [Settings] 	Parallax Occlusion: Off
01:22:26:534 (00017084) > [Settings] 	Screen Space Shadows: Off
01:22:26:534 (00017084) > [**************************************************Display + Graphics Settings**************************************************] 
01:22:26:534 (00017084) > [Settings] End of settings.
01:22:26:537 (00017084) > [NxApp] Finished enforcing display settings
01:22:26:550 (00014608) > [NxSwapChainImpl] Swapchain native backbuffer (windows) resolution: 1920x1080
01:22:26:550 (00017084) > [Settings] New display settings are:
01:22:26:550 (00017084) > [**************************************************Display + Graphics Settings**************************************************] 
01:22:26:550 (00017084) > [Settings] DirectX Version: 12
01:22:26:550 (00017084) > [Settings] Window mode: Fullscreen
01:22:26:550 (00017084) > [Settings] Fullscreen display mode:
01:22:26:550 (00017084) > [Settings] 	Displaying on monitor: 0
01:22:26:550 (00017084) > [Settings] 	Resolution: 1920x1080
01:22:26:550 (00017084) > [Settings] 	HDR: Off
01:22:26:550 (00017084) > [Settings] 	OS reported Refresh rate: 60
01:22:26:550 (00017084) > [Settings] 	VSync: On
01:22:26:550 (00017084) > [Settings] 	Reflex: Low Latency
01:22:26:550 (00017084) > [Settings] 	Frame generation: None
01:22:26:550 (00017084) > [Settings] 	Resolution modifier 1.000000
01:22:26:550 (00017084) > [Settings] 	Dynamic resolution FPS target: 30
01:22:26:550 (00017084) > [Settings] Anti aliasing: TAA

01:22:26:550 (00017084) > [Settings] Upscale method: FSR

01:22:26:550 (00017084) > [Settings] Upscale quality: Quality

01:22:26:550 (00017084) > [Settings] Upscale sharpen value: 0.000000

01:22:26:550 (00017084) > [Settings] Graphics Options:
01:22:26:550 (00017084) > [Settings] 	Texture Quality: Low
01:22:26:550 (00017084) > [Settings] 	Texture Filtering: Trilinear
01:22:26:551 (00017084) > [Settings] 	Shadow Quality: Low
01:22:26:551 (00017084) > [Settings] 	Depth of Field: Medium
01:22:26:551 (00017084) > [Settings] 	Level of Detail: Low
01:22:26:551 (00017084) > [Settings] 	Cinematic LOD: Performance
01:22:26:551 (00017084) > [Settings] 	Terrain Quality: Low
01:22:26:551 (00017084) > [Settings] 	Water Quality: Low
01:22:26:551 (00017084) > [Settings] 	Clouds Quality: Low
01:22:26:551 (00017084) > [Settings] 	Crowd Detail: Low
01:22:26:551 (00017084) > [Settings] 	Hair Quality: Low
01:22:26:551 (00017084) > [Settings] 	Ambient Occlusion: SSAO
01:22:26:551 (00017084) > [Settings] 	Screen Space Reflections: Off
01:22:26:551 (00017084) > [Settings] 	Translucency Quality: Default

01:22:26:551 (00017084) > [Settings] 	Bloom: On
01:22:26:551 (00017084) > [Settings] 	Vignette: On
01:22:26:551 (00017084) > [Settings] 	Chromatic Aberration: On
01:22:26:551 (00017084) > [Settings] 	Motion Blur: 1.000000
01:22:26:551 (00017084) > [Settings] 	FOV Correction: 1.000000
01:22:26:551 (00017084) > [Settings] 	Film Grain Strength: 1.000000
01:22:26:551 (00017084) > [Settings] 	Sharpness: 0.500000
01:22:26:551 (00017084) > [Settings] 	Lens Flares: On
01:22:26:551 (00017084) > [Settings] 	Screen Effects: On
01:22:26:551 (00017084) > [Settings] 	Parallax Occlusion: Off
01:22:26:551 (00017084) > [Settings] 	Screen Space Shadows: Off
01:22:26:551 (00017084) > [**************************************************Display + Graphics Settings**************************************************] 
01:22:26:551 (00017084) > [Settings] End of settings.
01:22:26:554 (00017084) > [NxApp] Finished enforcing display settings
01:22:26:567 (00014608) > [NxSwapChainImpl] Swapchain native backbuffer (windows) resolution: 1920x1080
01:22:26:567 (00017084) > [Settings] New display settings are:
01:22:26:567 (00017084) > [**************************************************Display + Graphics Settings**************************************************] 
01:22:26:567 (00017084) > [Settings] DirectX Version: 12
01:22:26:567 (00017084) > [Settings] Window mode: Fullscreen
01:22:26:567 (00017084) > [Settings] Fullscreen display mode:
01:22:26:567 (00017084) > [Settings] 	Displaying on monitor: 0
01:22:26:567 (00017084) > [Settings] 	Resolution: 1920x1080
01:22:26:567 (00017084) > [Settings] 	HDR: Off
01:22:26:567 (00017084) > [Settings] 	OS reported Refresh rate: 60
01:22:26:567 (00017084) > [Settings] 	VSync: On
01:22:26:567 (00017084) > [Settings] 	Reflex: Low Latency
01:22:26:567 (00017084) > [Settings] 	Frame generation: None
01:22:26:567 (00017084) > [Settings] 	Resolution modifier 1.000000
01:22:26:567 (00017084) > [Settings] 	Dynamic resolution FPS target: 30
01:22:26:567 (00017084) > [Settings] Anti aliasing: TAA

01:22:26:567 (00017084) > [Settings] Upscale method: FSR

01:22:26:567 (00017084) > [Settings] Upscale quality: Quality

01:22:26:567 (00017084) > [Settings] Upscale sharpen value: 0.000000

01:22:26:567 (00017084) > [Settings] Graphics Options:
01:22:26:567 (00017084) > [Settings] 	Texture Quality: Low
01:22:26:567 (00017084) > [Settings] 	Texture Filtering: Trilinear
01:22:26:567 (00017084) > [Settings] 	Shadow Quality: Low
01:22:26:567 (00017084) > [Settings] 	Depth of Field: Medium
01:22:26:567 (00017084) > [Settings] 	Level of Detail: Low
01:22:26:567 (00017084) > [Settings] 	Cinematic LOD: Performance
01:22:26:567 (00017084) > [Settings] 	Terrain Quality: Low
01:22:26:567 (00017084) > [Settings] 	Water Quality: Low
01:22:26:567 (00017084) > [Settings] 	Clouds Quality: Low
01:22:26:567 (00017084) > [Settings] 	Crowd Detail: Low
01:22:26:567 (00017084) > [Settings] 	Hair Quality: Low
01:22:26:567 (00017084) > [Settings] 	Ambient Occlusion: SSAO
01:22:26:567 (00017084) > [Settings] 	Screen Space Reflections: Off
01:22:26:567 (00017084) > [Settings] 	Translucency Quality: Default

01:22:26:567 (00017084) > [Settings] 	Bloom: On
01:22:26:567 (00017084) > [Settings] 	Vignette: On
01:22:26:567 (00017084) > [Settings] 	Chromatic Aberration: On
01:22:26:567 (00017084) > [Settings] 	Motion Blur: 1.000000
01:22:26:567 (00017084) > [Settings] 	FOV Correction: 1.000000
01:22:26:567 (00017084) > [Settings] 	Film Grain Strength: 1.000000
01:22:26:567 (00017084) > [Settings] 	Sharpness: 0.500000
01:22:26:567 (00017084) > [Settings] 	Lens Flares: On
01:22:26:567 (00017084) > [Settings] 	Screen Effects: On
01:22:26:567 (00017084) > [Settings] 	Parallax Occlusion: Off
01:22:26:567 (00017084) > [Settings] 	Screen Space Shadows: Off
01:22:26:567 (00017084) > [**************************************************Display + Graphics Settings**************************************************] 
01:22:26:567 (00017084) > [Settings] End of settings.
01:22:26:570 (00017084) > [NxApp] Finished enforcing display settings
01:22:26:583 (00014608) > [NxSwapChainImpl] Swapchain native backbuffer (windows) resolution: 1920x1080
01:22:26:583 (00017084) > [Settings] New display settings are:
01:22:26:583 (00017084) > [**************************************************Display + Graphics Settings**************************************************] 
01:22:26:583 (00017084) > [Settings] DirectX Version: 12
01:22:26:583 (00017084) > [Settings] Window mode: Fullscreen
01:22:26:583 (00017084) > [Settings] Fullscreen display mode:
01:22:26:583 (00017084) > [Settings] 	Displaying on monitor: 0
01:22:26:583 (00017084) > [Settings] 	Resolution: 1920x1080
01:22:26:583 (00017084) > [Settings] 	HDR: Off
01:22:26:584 (00017084) > [Settings] 	OS reported Refresh rate: 60
01:22:26:584 (00017084) > [Settings] 	VSync: On
01:22:26:584 (00017084) > [Settings] 	Reflex: Low Latency
01:22:26:584 (00017084) > [Settings] 	Frame generation: None
01:22:26:584 (00017084) > [Settings] 	Resolution modifier 1.000000
01:22:26:584 (00017084) > [Settings] 	Dynamic resolution FPS target: 30
01:22:26:584 (00017084) > [Settings] Anti aliasing: TAA

01:22:26:584 (00017084) > [Settings] Upscale method: FSR

01:22:26:584 (00017084) > [Settings] Upscale quality: Quality

01:22:26:584 (00017084) > [Settings] Upscale sharpen value: 0.000000

01:22:26:584 (00017084) > [Settings] Graphics Options:
01:22:26:584 (00017084) > [Settings] 	Texture Quality: Low
01:22:26:584 (00017084) > [Settings] 	Texture Filtering: Trilinear
01:22:26:584 (00017084) > [Settings] 	Shadow Quality: Low
01:22:26:584 (00017084) > [Settings] 	Depth of Field: Medium
01:22:26:584 (00017084) > [Settings] 	Level of Detail: Low
01:22:26:584 (00017084) > [Settings] 	Cinematic LOD: Performance
01:22:26:584 (00017084) > [Settings] 	Terrain Quality: Low
01:22:26:584 (00017084) > [Settings] 	Water Quality: Low
01:22:26:584 (00017084) > [Settings] 	Clouds Quality: Low
01:22:26:584 (00017084) > [Settings] 	Crowd Detail: Low
01:22:26:584 (00017084) > [Settings] 	Hair Quality: Low
01:22:26:584 (00017084) > [Settings] 	Ambient Occlusion: SSAO
01:22:26:584 (00017084) > [Settings] 	Screen Space Reflections: Off
01:22:26:584 (00017084) > [Settings] 	Translucency Quality: Default

01:22:26:584 (00017084) > [Settings] 	Bloom: On
01:22:26:584 (00017084) > [Settings] 	Vignette: On
01:22:26:584 (00017084) > [Settings] 	Chromatic Aberration: On
01:22:26:584 (00017084) > [Settings] 	Motion Blur: 1.000000
01:22:26:584 (00017084) > [Settings] 	FOV Correction: 1.000000
01:22:26:584 (00017084) > [Settings] 	Film Grain Strength: 1.000000
01:22:26:584 (00017084) > [Settings] 	Sharpness: 0.500000
01:22:26:584 (00017084) > [Settings] 	Lens Flares: On
01:22:26:584 (00017084) > [Settings] 	Screen Effects: On
01:22:26:584 (00017084) > [Settings] 	Parallax Occlusion: Off
01:22:26:584 (00017084) > [Settings] 	Screen Space Shadows: Off
01:22:26:584 (00017084) > [**************************************************Display + Graphics Settings**************************************************] 
01:22:26:584 (00017084) > [Settings] End of settings.
01:22:26:588 (00017084) > [NxApp] Finished enforcing display settings
01:22:26:600 (00014608) > [NxSwapChainImpl] Swapchain native backbuffer (windows) resolution: 1920x1080
01:22:26:600 (00017084) > [Settings] New display settings are:
01:22:26:600 (00017084) > [**************************************************Display + Graphics Settings**************************************************] 
01:22:26:600 (00017084) > [Settings] DirectX Version: 12
01:22:26:600 (00017084) > [Settings] Window mode: Fullscreen
01:22:26:600 (00017084) > [Settings] Fullscreen display mode:
01:22:26:600 (00017084) > [Settings] 	Displaying on monitor: 0
01:22:26:600 (00017084) > [Settings] 	Resolution: 1920x1080
01:22:26:600 (00017084) > [Settings] 	HDR: Off
01:22:26:600 (00017084) > [Settings] 	OS reported Refresh rate: 60
01:22:26:600 (00017084) > [Settings] 	VSync: On
01:22:26:600 (00017084) > [Settings] 	Reflex: Low Latency
01:22:26:600 (00017084) > [Settings] 	Frame generation: None
01:22:26:600 (00017084) > [Settings] 	Resolution modifier 1.000000
01:22:26:600 (00017084) > [Settings] 	Dynamic resolution FPS target: 30
01:22:26:600 (00017084) > [Settings] Anti aliasing: TAA

01:22:26:600 (00017084) > [Settings] Upscale method: FSR

01:22:26:600 (00017084) > [Settings] Upscale quality: Quality

01:22:26:600 (00017084) > [Settings] Upscale sharpen value: 0.000000

01:22:26:600 (00017084) > [Settings] Graphics Options:
01:22:26:601 (00017084) > [Settings] 	Texture Quality: Low
01:22:26:601 (00017084) > [Settings] 	Texture Filtering: Trilinear
01:22:26:601 (00017084) > [Settings] 	Shadow Quality: Low
01:22:26:601 (00017084) > [Settings] 	Depth of Field: Medium
01:22:26:601 (00017084) > [Settings] 	Level of Detail: Low
01:22:26:601 (00017084) > [Settings] 	Cinematic LOD: Performance
01:22:26:601 (00017084) > [Settings] 	Terrain Quality: Low
01:22:26:601 (00017084) > [Settings] 	Water Quality: Low
01:22:26:601 (00017084) > [Settings] 	Clouds Quality: Low
01:22:26:601 (00017084) > [Settings] 	Crowd Detail: Low
01:22:26:601 (00017084) > [Settings] 	Hair Quality: Low
01:22:26:601 (00017084) > [Settings] 	Ambient Occlusion: SSAO
01:22:26:601 (00017084) > [Settings] 	Screen Space Reflections: Off
01:22:26:601 (00017084) > [Settings] 	Translucency Quality: Default

01:22:26:601 (00017084) > [Settings] 	Bloom: On
01:22:26:601 (00017084) > [Settings] 	Vignette: On
01:22:26:601 (00017084) > [Settings] 	Chromatic Aberration: On
01:22:26:601 (00017084) > [Settings] 	Motion Blur: 1.000000
01:22:26:601 (00017084) > [Settings] 	FOV Correction: 1.000000
01:22:26:601 (00017084) > [Settings] 	Film Grain Strength: 1.000000
01:22:26:601 (00017084) > [Settings] 	Sharpness: 0.500000
01:22:26:601 (00017084) > [Settings] 	Lens Flares: On
01:22:26:601 (00017084) > [Settings] 	Screen Effects: On
01:22:26:601 (00017084) > [Settings] 	Parallax Occlusion: Off
01:22:26:601 (00017084) > [Settings] 	Screen Space Shadows: Off
01:22:26:601 (00017084) > [**************************************************Display + Graphics Settings**************************************************] 
01:22:26:601 (00017084) > [Settings] End of settings.
01:22:26:604 (00017084) > [NxApp] Finished enforcing display settings
01:22:26:917 (00014608) > [NxSwapChainImpl] Swapchain native backbuffer (windows) resolution: 1920x1080
01:22:26:917 (00017084) > [Settings] New display settings are:
01:22:26:917 (00017084) > [**************************************************Display + Graphics Settings**************************************************] 
01:22:26:917 (00017084) > [Settings] DirectX Version: 12
01:22:26:917 (00017084) > [Settings] Window mode: Fullscreen
01:22:26:917 (00017084) > [Settings] Fullscreen display mode:
01:22:26:917 (00017084) > [Settings] 	Displaying on monitor: 0
01:22:26:917 (00017084) > [Settings] 	Resolution: 1920x1080
01:22:26:917 (00017084) > [Settings] 	HDR: Off
01:22:26:917 (00017084) > [Settings] 	OS reported Refresh rate: 60
01:22:26:917 (00017084) > [Settings] 	VSync: On
01:22:26:917 (00017084) > [Settings] 	Reflex: Low Latency
01:22:26:917 (00017084) > [Settings] 	Frame generation: None
01:22:26:917 (00017084) > [Settings] 	Resolution modifier 1.000000
01:22:26:917 (00017084) > [Settings] 	Dynamic resolution FPS target: 30
01:22:26:917 (00017084) > [Settings] Anti aliasing: TAA

01:22:26:917 (00017084) > [Settings] Upscale method: FSR

01:22:26:917 (00017084) > [Settings] Upscale quality: Quality

01:22:26:917 (00017084) > [Settings] Upscale sharpen value: 0.000000

01:22:26:917 (00017084) > [Settings] Graphics Options:
01:22:26:917 (00017084) > [Settings] 	Texture Quality: Low
01:22:26:917 (00017084) > [Settings] 	Texture Filtering: Trilinear
01:22:26:917 (00017084) > [Settings] 	Shadow Quality: Low
01:22:26:917 (00017084) > [Settings] 	Depth of Field: Medium
01:22:26:917 (00017084) > [Settings] 	Level of Detail: Low
01:22:26:917 (00017084) > [Settings] 	Cinematic LOD: Performance
01:22:26:917 (00017084) > [Settings] 	Terrain Quality: Low
01:22:26:917 (00017084) > [Settings] 	Water Quality: Low
01:22:26:917 (00017084) > [Settings] 	Clouds Quality: Low
01:22:26:917 (00017084) > [Settings] 	Crowd Detail: Low
01:22:26:917 (00017084) > [Settings] 	Hair Quality: Low
01:22:26:917 (00017084) > [Settings] 	Ambient Occlusion: SSAO
01:22:26:917 (00017084) > [Settings] 	Screen Space Reflections: Off
01:22:26:917 (00017084) > [Settings] 	Translucency Quality: Default

01:22:26:917 (00017084) > [Settings] 	Bloom: On
01:22:26:917 (00017084) > [Settings] 	Vignette: On
01:22:26:917 (00017084) > [Settings] 	Chromatic Aberration: On
01:22:26:917 (00017084) > [Settings] 	Motion Blur: 1.000000
01:22:26:917 (00017084) > [Settings] 	FOV Correction: 1.000000
01:22:26:917 (00017084) > [Settings] 	Film Grain Strength: 1.000000
01:22:26:917 (00017084) > [Settings] 	Sharpness: 0.500000
01:22:26:917 (00017084) > [Settings] 	Lens Flares: On
01:22:26:917 (00017084) > [Settings] 	Screen Effects: On
01:22:26:917 (00017084) > [Settings] 	Parallax Occlusion: Off
01:22:26:917 (00017084) > [Settings] 	Screen Space Shadows: Off
01:22:26:917 (00017084) > [**************************************************Display + Graphics Settings**************************************************] 
01:22:26:917 (00017084) > [Settings] End of settings.
01:22:26:921 (00017084) > [NxApp] Finished enforcing display settings
01:22:26:934 (00014608) > [NxSwapChainImpl] Swapchain native backbuffer (windows) resolution: 1920x1080
01:22:26:934 (00017084) > [Settings] New display settings are:
01:22:26:934 (00017084) > [**************************************************Display + Graphics Settings**************************************************] 
01:22:26:934 (00017084) > [Settings] DirectX Version: 12
01:22:26:934 (00017084) > [Settings] Window mode: Fullscreen
01:22:26:934 (00017084) > [Settings] Fullscreen display mode:
01:22:26:934 (00017084) > [Settings] 	Displaying on monitor: 0
01:22:26:934 (00017084) > [Settings] 	Resolution: 1920x1080
01:22:26:934 (00017084) > [Settings] 	HDR: Off
01:22:26:934 (00017084) > [Settings] 	OS reported Refresh rate: 60
01:22:26:934 (00017084) > [Settings] 	VSync: On
01:22:26:934 (00017084) > [Settings] 	Reflex: Low Latency
01:22:26:934 (00017084) > [Settings] 	Frame generation: None
01:22:26:934 (00017084) > [Settings] 	Resolution modifier 1.000000
01:22:26:934 (00017084) > [Settings] 	Dynamic resolution FPS target: 30
01:22:26:934 (00017084) > [Settings] Anti aliasing: TAA

01:22:26:934 (00017084) > [Settings] Upscale method: FSR

01:22:26:934 (00017084) > [Settings] Upscale quality: Quality

01:22:26:934 (00017084) > [Settings] Upscale sharpen value: 0.000000

01:22:26:934 (00017084) > [Settings] Graphics Options:
01:22:26:934 (00017084) > [Settings] 	Texture Quality: Low
01:22:26:934 (00017084) > [Settings] 	Texture Filtering: Trilinear
01:22:26:934 (00017084) > [Settings] 	Shadow Quality: Low
01:22:26:934 (00017084) > [Settings] 	Depth of Field: Medium
01:22:26:934 (00017084) > [Settings] 	Level of Detail: Low
01:22:26:934 (00017084) > [Settings] 	Cinematic LOD: Performance
01:22:26:934 (00017084) > [Settings] 	Terrain Quality: Low
01:22:26:934 (00017084) > [Settings] 	Water Quality: Low
01:22:26:934 (00017084) > [Settings] 	Clouds Quality: Low
01:22:26:934 (00017084) > [Settings] 	Crowd Detail: Low
01:22:26:934 (00017084) > [Settings] 	Hair Quality: Low
01:22:26:934 (00017084) > [Settings] 	Ambient Occlusion: SSAO
01:22:26:934 (00017084) > [Settings] 	Screen Space Reflections: Off
01:22:26:934 (00017084) > [Settings] 	Translucency Quality: Default

01:22:26:934 (00017084) > [Settings] 	Bloom: On
01:22:26:934 (00017084) > [Settings] 	Vignette: On
01:22:26:934 (00017084) > [Settings] 	Chromatic Aberration: On
01:22:26:934 (00017084) > [Settings] 	Motion Blur: 1.000000
01:22:26:934 (00017084) > [Settings] 	FOV Correction: 1.000000
01:22:26:934 (00017084) > [Settings] 	Film Grain Strength: 1.000000
01:22:26:934 (00017084) > [Settings] 	Sharpness: 0.500000
01:22:26:934 (00017084) > [Settings] 	Lens Flares: On
01:22:26:934 (00017084) > [Settings] 	Screen Effects: On
01:22:26:934 (00017084) > [Settings] 	Parallax Occlusion: Off
01:22:26:934 (00017084) > [Settings] 	Screen Space Shadows: Off
01:22:26:934 (00017084) > [**************************************************Display + Graphics Settings**************************************************] 
01:22:26:934 (00017084) > [Settings] End of settings.
01:22:26:937 (00017084) > [NxApp] Finished enforcing display settings
01:22:26:950 (00014608) > [NxSwapChainImpl] Swapchain native backbuffer (windows) resolution: 1920x1080
01:22:26:950 (00017084) > [Settings] New display settings are:
01:22:26:950 (00017084) > [**************************************************Display + Graphics Settings**************************************************] 
01:22:26:950 (00017084) > [Settings] DirectX Version: 12
01:22:26:950 (00017084) > [Settings] Window mode: Fullscreen
01:22:26:950 (00017084) > [Settings] Fullscreen display mode:
01:22:26:950 (00017084) > [Settings] 	Displaying on monitor: 0
01:22:26:950 (00017084) > [Settings] 	Resolution: 1920x1080
01:22:26:950 (00017084) > [Settings] 	HDR: Off
01:22:26:950 (00017084) > [Settings] 	OS reported Refresh rate: 60
01:22:26:950 (00017084) > [Settings] 	VSync: On
01:22:26:950 (00017084) > [Settings] 	Reflex: Low Latency
01:22:26:950 (00017084) > [Settings] 	Frame generation: None
01:22:26:950 (00017084) > [Settings] 	Resolution modifier 1.000000
01:22:26:950 (00017084) > [Settings] 	Dynamic resolution FPS target: 30
01:22:26:950 (00017084) > [Settings] Anti aliasing: TAA

01:22:26:950 (00017084) > [Settings] Upscale method: FSR

01:22:26:950 (00017084) > [Settings] Upscale quality: Quality

01:22:26:950 (00017084) > [Settings] Upscale sharpen value: 0.000000

01:22:26:950 (00017084) > [Settings] Graphics Options:
01:22:26:950 (00017084) > [Settings] 	Texture Quality: Low
01:22:26:950 (00017084) > [Settings] 	Texture Filtering: Trilinear
01:22:26:950 (00017084) > [Settings] 	Shadow Quality: Low
01:22:26:950 (00017084) > [Settings] 	Depth of Field: Medium
01:22:26:950 (00017084) > [Settings] 	Level of Detail: Low
01:22:26:950 (00017084) > [Settings] 	Cinematic LOD: Performance
01:22:26:950 (00017084) > [Settings] 	Terrain Quality: Low
01:22:26:950 (00017084) > [Settings] 	Water Quality: Low
01:22:26:950 (00017084) > [Settings] 	Clouds Quality: Low
01:22:26:950 (00017084) > [Settings] 	Crowd Detail: Low
01:22:26:950 (00017084) > [Settings] 	Hair Quality: Low
01:22:26:950 (00017084) > [Settings] 	Ambient Occlusion: SSAO
01:22:26:950 (00017084) > [Settings] 	Screen Space Reflections: Off
01:22:26:950 (00017084) > [Settings] 	Translucency Quality: Default

01:22:26:951 (00017084) > [Settings] 	Bloom: On
01:22:26:951 (00017084) > [Settings] 	Vignette: On
01:22:26:951 (00017084) > [Settings] 	Chromatic Aberration: On
01:22:26:951 (00017084) > [Settings] 	Motion Blur: 1.000000
01:22:26:951 (00017084) > [Settings] 	FOV Correction: 1.000000
01:22:26:951 (00017084) > [Settings] 	Film Grain Strength: 1.000000
01:22:26:951 (00017084) > [Settings] 	Sharpness: 0.500000
01:22:26:951 (00017084) > [Settings] 	Lens Flares: On
01:22:26:951 (00017084) > [Settings] 	Screen Effects: On
01:22:26:951 (00017084) > [Settings] 	Parallax Occlusion: Off
01:22:26:951 (00017084) > [Settings] 	Screen Space Shadows: Off
01:22:26:951 (00017084) > [**************************************************Display + Graphics Settings**************************************************] 
01:22:26:951 (00017084) > [Settings] End of settings.
01:22:26:956 (00017084) > [NxApp] Finished enforcing display settings
01:22:26:967 (00014608) > [NxSwapChainImpl] Swapchain native backbuffer (windows) resolution: 1920x1080
01:22:26:967 (00017084) > [Settings] New display settings are:
01:22:26:967 (00017084) > [**************************************************Display + Graphics Settings**************************************************] 
01:22:26:967 (00017084) > [Settings] DirectX Version: 12
01:22:26:967 (00017084) > [Settings] Window mode: Fullscreen
01:22:26:967 (00017084) > [Settings] Fullscreen display mode:
01:22:26:967 (00017084) > [Settings] 	Displaying on monitor: 0
01:22:26:967 (00017084) > [Settings] 	Resolution: 1920x1080
01:22:26:967 (00017084) > [Settings] 	HDR: Off
01:22:26:967 (00017084) > [Settings] 	OS reported Refresh rate: 60
01:22:26:967 (00017084) > [Settings] 	VSync: On
01:22:26:967 (00017084) > [Settings] 	Reflex: Low Latency
01:22:26:967 (00017084) > [Settings] 	Frame generation: None
01:22:26:967 (00017084) > [Settings] 	Resolution modifier 1.000000
01:22:26:967 (00017084) > [Settings] 	Dynamic resolution FPS target: 30
01:22:26:967 (00017084) > [Settings] Anti aliasing: TAA

01:22:26:967 (00017084) > [Settings] Upscale method: FSR

01:22:26:967 (00017084) > [Settings] Upscale quality: Quality

01:22:26:967 (00017084) > [Settings] Upscale sharpen value: 0.000000

01:22:26:967 (00017084) > [Settings] Graphics Options:
01:22:26:967 (00017084) > [Settings] 	Texture Quality: Low
01:22:26:967 (00017084) > [Settings] 	Texture Filtering: Trilinear
01:22:26:967 (00017084) > [Settings] 	Shadow Quality: Low
01:22:26:967 (00017084) > [Settings] 	Depth of Field: Medium
01:22:26:967 (00017084) > [Settings] 	Level of Detail: Low
01:22:26:967 (00017084) > [Settings] 	Cinematic LOD: Performance
01:22:26:967 (00017084) > [Settings] 	Terrain Quality: Low
01:22:26:967 (00017084) > [Settings] 	Water Quality: Low
01:22:26:967 (00017084) > [Settings] 	Clouds Quality: Low
01:22:26:967 (00017084) > [Settings] 	Crowd Detail: Low
01:22:26:967 (00017084) > [Settings] 	Hair Quality: Low
01:22:26:967 (00017084) > [Settings] 	Ambient Occlusion: SSAO
01:22:26:967 (00017084) > [Settings] 	Screen Space Reflections: Off
01:22:26:967 (00017084) > [Settings] 	Translucency Quality: Default

01:22:26:967 (00017084) > [Settings] 	Bloom: On
01:22:26:967 (00017084) > [Settings] 	Vignette: On
01:22:26:967 (00017084) > [Settings] 	Chromatic Aberration: On
01:22:26:967 (00017084) > [Settings] 	Motion Blur: 1.000000
01:22:26:967 (00017084) > [Settings] 	FOV Correction: 1.000000
01:22:26:967 (00017084) > [Settings] 	Film Grain Strength: 1.000000
01:22:26:967 (00017084) > [Settings] 	Sharpness: 0.500000
01:22:26:967 (00017084) > [Settings] 	Lens Flares: On
01:22:26:967 (00017084) > [Settings] 	Screen Effects: On
01:22:26:967 (00017084) > [Settings] 	Parallax Occlusion: Off
01:22:26:967 (00017084) > [Settings] 	Screen Space Shadows: Off
01:22:26:967 (00017084) > [**************************************************Display + Graphics Settings**************************************************] 
01:22:26:967 (00017084) > [Settings] End of settings.
01:22:26:971 (00017084) > [NxApp] Finished enforcing display settings
01:22:26:984 (00014608) > [NxSwapChainImpl] Swapchain native backbuffer (windows) resolution: 1920x1080
01:22:26:984 (00017084) > [Settings] New display settings are:
01:22:26:984 (00017084) > [**************************************************Display + Graphics Settings**************************************************] 
01:22:26:984 (00017084) > [Settings] DirectX Version: 12
01:22:26:984 (00017084) > [Settings] Window mode: Fullscreen
01:22:26:984 (00017084) > [Settings] Fullscreen display mode:
01:22:26:984 (00017084) > [Settings] 	Displaying on monitor: 0
01:22:26:984 (00017084) > [Settings] 	Resolution: 1920x1080
01:22:26:984 (00017084) > [Settings] 	HDR: Off
01:22:26:984 (00017084) > [Settings] 	OS reported Refresh rate: 60
01:22:26:984 (00017084) > [Settings] 	VSync: On
01:22:26:984 (00017084) > [Settings] 	Reflex: Low Latency
01:22:26:984 (00017084) > [Settings] 	Frame generation: None
01:22:26:984 (00017084) > [Settings] 	Resolution modifier 1.000000
01:22:26:984 (00017084) > [Settings] 	Dynamic resolution FPS target: 30
01:22:26:984 (00017084) > [Settings] Anti aliasing: TAA

01:22:26:984 (00017084) > [Settings] Upscale method: FSR

01:22:26:984 (00017084) > [Settings] Upscale quality: Quality

01:22:26:984 (00017084) > [Settings] Upscale sharpen value: 0.000000

01:22:26:984 (00017084) > [Settings] Graphics Options:
01:22:26:984 (00017084) > [Settings] 	Texture Quality: Low
01:22:26:984 (00017084) > [Settings] 	Texture Filtering: Trilinear
01:22:26:984 (00017084) > [Settings] 	Shadow Quality: Low
01:22:26:984 (00017084) > [Settings] 	Depth of Field: Medium
01:22:26:984 (00017084) > [Settings] 	Level of Detail: Low
01:22:26:984 (00017084) > [Settings] 	Cinematic LOD: Performance
01:22:26:984 (00017084) > [Settings] 	Terrain Quality: Low
01:22:26:984 (00017084) > [Settings] 	Water Quality: Low
01:22:26:984 (00017084) > [Settings] 	Clouds Quality: Low
01:22:26:984 (00017084) > [Settings] 	Crowd Detail: Low
01:22:26:984 (00017084) > [Settings] 	Hair Quality: Low
01:22:26:984 (00017084) > [Settings] 	Ambient Occlusion: SSAO
01:22:26:984 (00017084) > [Settings] 	Screen Space Reflections: Off
01:22:26:984 (00017084) > [Settings] 	Translucency Quality: Default

01:22:26:984 (00017084) > [Settings] 	Bloom: On
01:22:26:984 (00017084) > [Settings] 	Vignette: On
01:22:26:984 (00017084) > [Settings] 	Chromatic Aberration: On
01:22:26:984 (00017084) > [Settings] 	Motion Blur: 1.000000
01:22:26:984 (00017084) > [Settings] 	FOV Correction: 1.000000
01:22:26:984 (00017084) > [Settings] 	Film Grain Strength: 1.000000
01:22:26:984 (00017084) > [Settings] 	Sharpness: 0.500000
01:22:26:984 (00017084) > [Settings] 	Lens Flares: On
01:22:26:984 (00017084) > [Settings] 	Screen Effects: On
01:22:26:984 (00017084) > [Settings] 	Parallax Occlusion: Off
01:22:26:984 (00017084) > [Settings] 	Screen Space Shadows: Off
01:22:26:984 (00017084) > [**************************************************Display + Graphics Settings**************************************************] 
01:22:26:984 (00017084) > [Settings] End of settings.
01:22:26:987 (00017084) > [NxApp] Finished enforcing display settings
01:22:27:000 (00014608) > [NxSwapChainImpl] Swapchain native backbuffer (windows) resolution: 1920x1080
01:22:27:000 (00017084) > [Settings] New display settings are:
01:22:27:000 (00017084) > [**************************************************Display + Graphics Settings**************************************************] 
01:22:27:000 (00017084) > [Settings] DirectX Version: 12
01:22:27:000 (00017084) > [Settings] Window mode: Fullscreen
01:22:27:000 (00017084) > [Settings] Fullscreen display mode:
01:22:27:000 (00017084) > [Settings] 	Displaying on monitor: 0
01:22:27:000 (00017084) > [Settings] 	Resolution: 1920x1080
01:22:27:000 (00017084) > [Settings] 	HDR: Off
01:22:27:000 (00017084) > [Settings] 	OS reported Refresh rate: 60
01:22:27:000 (00017084) > [Settings] 	VSync: On
01:22:27:000 (00017084) > [Settings] 	Reflex: Low Latency
01:22:27:000 (00017084) > [Settings] 	Frame generation: None
01:22:27:000 (00017084) > [Settings] 	Resolution modifier 1.000000
01:22:27:000 (00017084) > [Settings] 	Dynamic resolution FPS target: 30
01:22:27:000 (00017084) > [Settings] Anti aliasing: TAA

01:22:27:000 (00017084) > [Settings] Upscale method: FSR

01:22:27:000 (00017084) > [Settings] Upscale quality: Quality

01:22:27:000 (00017084) > [Settings] Upscale sharpen value: 0.000000

01:22:27:000 (00017084) > [Settings] Graphics Options:
01:22:27:000 (00017084) > [Settings] 	Texture Quality: Low
01:22:27:000 (00017084) > [Settings] 	Texture Filtering: Trilinear
01:22:27:000 (00017084) > [Settings] 	Shadow Quality: Low
01:22:27:000 (00017084) > [Settings] 	Depth of Field: Medium
01:22:27:000 (00017084) > [Settings] 	Level of Detail: Low
01:22:27:000 (00017084) > [Settings] 	Cinematic LOD: Performance
01:22:27:000 (00017084) > [Settings] 	Terrain Quality: Low
01:22:27:000 (00017084) > [Settings] 	Water Quality: Low
01:22:27:000 (00017084) > [Settings] 	Clouds Quality: Low
01:22:27:000 (00017084) > [Settings] 	Crowd Detail: Low
01:22:27:000 (00017084) > [Settings] 	Hair Quality: Low
01:22:27:001 (00017084) > [Settings] 	Ambient Occlusion: SSAO
01:22:27:001 (00017084) > [Settings] 	Screen Space Reflections: Off
01:22:27:001 (00017084) > [Settings] 	Translucency Quality: Default

01:22:27:001 (00017084) > [Settings] 	Bloom: On
01:22:27:001 (00017084) > [Settings] 	Vignette: On
01:22:27:001 (00017084) > [Settings] 	Chromatic Aberration: On
01:22:27:001 (00017084) > [Settings] 	Motion Blur: 1.000000
01:22:27:001 (00017084) > [Settings] 	FOV Correction: 1.000000
01:22:27:001 (00017084) > [Settings] 	Film Grain Strength: 1.000000
01:22:27:001 (00017084) > [Settings] 	Sharpness: 0.500000
01:22:27:001 (00017084) > [Settings] 	Lens Flares: On
01:22:27:001 (00017084) > [Settings] 	Screen Effects: On
01:22:27:001 (00017084) > [Settings] 	Parallax Occlusion: Off
01:22:27:001 (00017084) > [Settings] 	Screen Space Shadows: Off
01:22:27:001 (00017084) > [**************************************************Display + Graphics Settings**************************************************] 
01:22:27:001 (00017084) > [Settings] End of settings.
01:22:27:005 (00017084) > [NxApp] Finished enforcing display settings
01:22:27:100 (00014608) > [NxSwapChainImpl] Swapchain native backbuffer (windows) resolution: 1920x1080
01:22:27:100 (00017084) > [Settings] New display settings are:
01:22:27:100 (00017084) > [**************************************************Display + Graphics Settings**************************************************] 
01:22:27:100 (00017084) > [Settings] DirectX Version: 12
01:22:27:100 (00017084) > [Settings] Window mode: Fullscreen
01:22:27:100 (00017084) > [Settings] Fullscreen display mode:
01:22:27:100 (00017084) > [Settings] 	Displaying on monitor: 0
01:22:27:100 (00017084) > [Settings] 	Resolution: 1920x1080
01:22:27:100 (00017084) > [Settings] 	HDR: Off
01:22:27:100 (00017084) > [Settings] 	OS reported Refresh rate: 60
01:22:27:101 (00017084) > [Settings] 	VSync: On
01:22:27:101 (00017084) > [Settings] 	Reflex: Low Latency
01:22:27:101 (00017084) > [Settings] 	Frame generation: None
01:22:27:101 (00017084) > [Settings] 	Resolution modifier 1.000000
01:22:27:101 (00017084) > [Settings] 	Dynamic resolution FPS target: 30
01:22:27:101 (00017084) > [Settings] Anti aliasing: TAA

01:22:27:101 (00017084) > [Settings] Upscale method: FSR

01:22:27:101 (00017084) > [Settings] Upscale quality: Quality

01:22:27:101 (00017084) > [Settings] Upscale sharpen value: 0.000000

01:22:27:101 (00017084) > [Settings] Graphics Options:
01:22:27:101 (00017084) > [Settings] 	Texture Quality: Low
01:22:27:101 (00017084) > [Settings] 	Texture Filtering: Trilinear
01:22:27:101 (00017084) > [Settings] 	Shadow Quality: Low
01:22:27:101 (00017084) > [Settings] 	Depth of Field: Medium
01:22:27:101 (00017084) > [Settings] 	Level of Detail: Low
01:22:27:101 (00017084) > [Settings] 	Cinematic LOD: Performance
01:22:27:101 (00017084) > [Settings] 	Terrain Quality: Low
01:22:27:101 (00017084) > [Settings] 	Water Quality: Low
01:22:27:101 (00017084) > [Settings] 	Clouds Quality: Low
01:22:27:101 (00017084) > [Settings] 	Crowd Detail: Low
01:22:27:101 (00017084) > [Settings] 	Hair Quality: Low
01:22:27:101 (00017084) > [Settings] 	Ambient Occlusion: SSAO
01:22:27:101 (00017084) > [Settings] 	Screen Space Reflections: Off
01:22:27:101 (00017084) > [Settings] 	Translucency Quality: Default

01:22:27:101 (00017084) > [Settings] 	Bloom: On
01:22:27:101 (00017084) > [Settings] 	Vignette: On
01:22:27:101 (00017084) > [Settings] 	Chromatic Aberration: On
01:22:27:101 (00017084) > [Settings] 	Motion Blur: 1.000000
01:22:27:101 (00017084) > [Settings] 	FOV Correction: 1.000000
01:22:27:101 (00017084) > [Settings] 	Film Grain Strength: 1.000000
01:22:27:101 (00017084) > [Settings] 	Sharpness: 0.500000
01:22:27:101 (00017084) > [Settings] 	Lens Flares: On
01:22:27:101 (00017084) > [Settings] 	Screen Effects: On
01:22:27:101 (00017084) > [Settings] 	Parallax Occlusion: Off
01:22:27:101 (00017084) > [Settings] 	Screen Space Shadows: Off
01:22:27:101 (00017084) > [**************************************************Display + Graphics Settings**************************************************] 
01:22:27:101 (00017084) > [Settings] End of settings.
01:22:27:104 (00017084) > [NxApp] Finished enforcing display settings
01:22:27:117 (00014608) > [NxSwapChainImpl] Swapchain native backbuffer (windows) resolution: 1920x1080
01:22:27:117 (00017084) > [Settings] New display settings are:
01:22:27:117 (00017084) > [**************************************************Display + Graphics Settings**************************************************] 
01:22:27:117 (00017084) > [Settings] DirectX Version: 12
01:22:27:117 (00017084) > [Settings] Window mode: Fullscreen
01:22:27:117 (00017084) > [Settings] Fullscreen display mode:
01:22:27:117 (00017084) > [Settings] 	Displaying on monitor: 0
01:22:27:117 (00017084) > [Settings] 	Resolution: 1920x1080
01:22:27:117 (00017084) > [Settings] 	HDR: Off
01:22:27:117 (00017084) > [Settings] 	OS reported Refresh rate: 60
01:22:27:117 (00017084) > [Settings] 	VSync: On
01:22:27:117 (00017084) > [Settings] 	Reflex: Low Latency
01:22:27:117 (00017084) > [Settings] 	Frame generation: None
01:22:27:117 (00017084) > [Settings] 	Resolution modifier 1.000000
01:22:27:117 (00017084) > [Settings] 	Dynamic resolution FPS target: 30
01:22:27:117 (00017084) > [Settings] Anti aliasing: TAA

01:22:27:117 (00017084) > [Settings] Upscale method: FSR

01:22:27:117 (00017084) > [Settings] Upscale quality: Quality

01:22:27:117 (00017084) > [Settings] Upscale sharpen value: 0.000000

01:22:27:117 (00017084) > [Settings] Graphics Options:
01:22:27:117 (00017084) > [Settings] 	Texture Quality: Low
01:22:27:117 (00017084) > [Settings] 	Texture Filtering: Trilinear
01:22:27:117 (00017084) > [Settings] 	Shadow Quality: Low
01:22:27:117 (00017084) > [Settings] 	Depth of Field: Medium
01:22:27:117 (00017084) > [Settings] 	Level of Detail: Low
01:22:27:117 (00017084) > [Settings] 	Cinematic LOD: Performance
01:22:27:117 (00017084) > [Settings] 	Terrain Quality: Low
01:22:27:117 (00017084) > [Settings] 	Water Quality: Low
01:22:27:117 (00017084) > [Settings] 	Clouds Quality: Low
01:22:27:117 (00017084) > [Settings] 	Crowd Detail: Low
01:22:27:117 (00017084) > [Settings] 	Hair Quality: Low
01:22:27:117 (00017084) > [Settings] 	Ambient Occlusion: SSAO
01:22:27:117 (00017084) > [Settings] 	Screen Space Reflections: Off
01:22:27:117 (00017084) > [Settings] 	Translucency Quality: Default

01:22:27:117 (00017084) > [Settings] 	Bloom: On
01:22:27:117 (00017084) > [Settings] 	Vignette: On
01:22:27:117 (00017084) > [Settings] 	Chromatic Aberration: On
01:22:27:117 (00017084) > [Settings] 	Motion Blur: 1.000000
01:22:27:117 (00017084) > [Settings] 	FOV Correction: 1.000000
01:22:27:117 (00017084) > [Settings] 	Film Grain Strength: 1.000000
01:22:27:117 (00017084) > [Settings] 	Sharpness: 0.500000
01:22:27:117 (00017084) > [Settings] 	Lens Flares: On
01:22:27:117 (00017084) > [Settings] 	Screen Effects: On
01:22:27:117 (00017084) > [Settings] 	Parallax Occlusion: Off
01:22:27:117 (00017084) > [Settings] 	Screen Space Shadows: Off
01:22:27:117 (00017084) > [**************************************************Display + Graphics Settings**************************************************] 
01:22:27:117 (00017084) > [Settings] End of settings.
01:22:27:121 (00017084) > [NxApp] Finished enforcing display settings
01:22:27:150 (00014608) > [NxSwapChainImpl] Swapchain native backbuffer (windows) resolution: 1920x1080
01:22:27:150 (00017084) > [Settings] New display settings are:
01:22:27:150 (00017084) > [**************************************************Display + Graphics Settings**************************************************] 
01:22:27:150 (00017084) > [Settings] DirectX Version: 12
01:22:27:150 (00017084) > [Settings] Window mode: Fullscreen
01:22:27:150 (00017084) > [Settings] Fullscreen display mode:
01:22:27:150 (00017084) > [Settings] 	Displaying on monitor: 0
01:22:27:150 (00017084) > [Settings] 	Resolution: 1920x1080
01:22:27:150 (00017084) > [Settings] 	HDR: Off
01:22:27:150 (00017084) > [Settings] 	OS reported Refresh rate: 60
01:22:27:150 (00017084) > [Settings] 	VSync: On
01:22:27:150 (00017084) > [Settings] 	Reflex: Low Latency
01:22:27:150 (00017084) > [Settings] 	Frame generation: None
01:22:27:150 (00017084) > [Settings] 	Resolution modifier 1.000000
01:22:27:150 (00017084) > [Settings] 	Dynamic resolution FPS target: 30
01:22:27:150 (00017084) > [Settings] Anti aliasing: TAA

01:22:27:150 (00017084) > [Settings] Upscale method: FSR

01:22:27:150 (00017084) > [Settings] Upscale quality: Quality

01:22:27:150 (00017084) > [Settings] Upscale sharpen value: 0.000000

01:22:27:150 (00017084) > [Settings] Graphics Options:
01:22:27:150 (00017084) > [Settings] 	Texture Quality: Low
01:22:27:150 (00017084) > [Settings] 	Texture Filtering: Trilinear
01:22:27:150 (00017084) > [Settings] 	Shadow Quality: Low
01:22:27:151 (00017084) > [Settings] 	Depth of Field: Medium
01:22:27:151 (00017084) > [Settings] 	Level of Detail: Low
01:22:27:151 (00017084) > [Settings] 	Cinematic LOD: Performance
01:22:27:151 (00017084) > [Settings] 	Terrain Quality: Low
01:22:27:151 (00017084) > [Settings] 	Water Quality: Low
01:22:27:151 (00017084) > [Settings] 	Clouds Quality: Low
01:22:27:151 (00017084) > [Settings] 	Crowd Detail: Low
01:22:27:151 (00017084) > [Settings] 	Hair Quality: Low
01:22:27:151 (00017084) > [Settings] 	Ambient Occlusion: SSAO
01:22:27:151 (00017084) > [Settings] 	Screen Space Reflections: Off
01:22:27:151 (00017084) > [Settings] 	Translucency Quality: Default

01:22:27:151 (00017084) > [Settings] 	Bloom: On
01:22:27:151 (00017084) > [Settings] 	Vignette: On
01:22:27:151 (00017084) > [Settings] 	Chromatic Aberration: On
01:22:27:151 (00017084) > [Settings] 	Motion Blur: 1.000000
01:22:27:151 (00017084) > [Settings] 	FOV Correction: 1.000000
01:22:27:151 (00017084) > [Settings] 	Film Grain Strength: 1.000000
01:22:27:151 (00017084) > [Settings] 	Sharpness: 0.500000
01:22:27:151 (00017084) > [Settings] 	Lens Flares: On
01:22:27:151 (00017084) > [Settings] 	Screen Effects: On
01:22:27:151 (00017084) > [Settings] 	Parallax Occlusion: Off
01:22:27:151 (00017084) > [Settings] 	Screen Space Shadows: Off
01:22:27:151 (00017084) > [**************************************************Display + Graphics Settings**************************************************] 
01:22:27:151 (00017084) > [Settings] End of settings.
01:22:27:154 (00017084) > [NxApp] Finished enforcing display settings
01:22:27:166 (00014608) > [NxSwapChainImpl] Swapchain native backbuffer (windows) resolution: 1920x1080
01:22:27:166 (00017084) > [Settings] New display settings are:
01:22:27:166 (00017084) > [**************************************************Display + Graphics Settings**************************************************] 
01:22:27:166 (00017084) > [Settings] DirectX Version: 12
01:22:27:166 (00017084) > [Settings] Window mode: Fullscreen
01:22:27:166 (00017084) > [Settings] Fullscreen display mode:
01:22:27:166 (00017084) > [Settings] 	Displaying on monitor: 0
01:22:27:166 (00017084) > [Settings] 	Resolution: 1920x1080
01:22:27:166 (00017084) > [Settings] 	HDR: Off
01:22:27:166 (00017084) > [Settings] 	OS reported Refresh rate: 60
01:22:27:166 (00017084) > [Settings] 	VSync: On
01:22:27:166 (00017084) > [Settings] 	Reflex: Low Latency
01:22:27:166 (00017084) > [Settings] 	Frame generation: None
01:22:27:166 (00017084) > [Settings] 	Resolution modifier 1.000000
01:22:27:166 (00017084) > [Settings] 	Dynamic resolution FPS target: 30
01:22:27:166 (00017084) > [Settings] Anti aliasing: TAA

01:22:27:166 (00017084) > [Settings] Upscale method: FSR

01:22:27:166 (00017084) > [Settings] Upscale quality: Quality

01:22:27:166 (00017084) > [Settings] Upscale sharpen value: 0.000000

01:22:27:166 (00017084) > [Settings] Graphics Options:
01:22:27:166 (00017084) > [Settings] 	Texture Quality: Low
01:22:27:166 (00017084) > [Settings] 	Texture Filtering: Trilinear
01:22:27:166 (00017084) > [Settings] 	Shadow Quality: Low
01:22:27:166 (00017084) > [Settings] 	Depth of Field: Medium
01:22:27:166 (00017084) > [Settings] 	Level of Detail: Low
01:22:27:166 (00017084) > [Settings] 	Cinematic LOD: Performance
01:22:27:166 (00017084) > [Settings] 	Terrain Quality: Low
01:22:27:166 (00017084) > [Settings] 	Water Quality: Low
01:22:27:166 (00017084) > [Settings] 	Clouds Quality: Low
01:22:27:166 (00017084) > [Settings] 	Crowd Detail: Low
01:22:27:166 (00017084) > [Settings] 	Hair Quality: Low
01:22:27:166 (00017084) > [Settings] 	Ambient Occlusion: SSAO
01:22:27:166 (00017084) > [Settings] 	Screen Space Reflections: Off
01:22:27:167 (00017084) > [Settings] 	Translucency Quality: Default

01:22:27:167 (00017084) > [Settings] 	Bloom: On
01:22:27:167 (00017084) > [Settings] 	Vignette: On
01:22:27:167 (00017084) > [Settings] 	Chromatic Aberration: On
01:22:27:167 (00017084) > [Settings] 	Motion Blur: 1.000000
01:22:27:167 (00017084) > [Settings] 	FOV Correction: 1.000000
01:22:27:167 (00017084) > [Settings] 	Film Grain Strength: 1.000000
01:22:27:167 (00017084) > [Settings] 	Sharpness: 0.500000
01:22:27:167 (00017084) > [Settings] 	Lens Flares: On
01:22:27:167 (00017084) > [Settings] 	Screen Effects: On
01:22:27:167 (00017084) > [Settings] 	Parallax Occlusion: Off
01:22:27:167 (00017084) > [Settings] 	Screen Space Shadows: Off
01:22:27:167 (00017084) > [**************************************************Display + Graphics Settings**************************************************] 
01:22:27:167 (00017084) > [Settings] End of settings.
01:22:27:171 (00017084) > [NxApp] Finished enforcing display settings
01:22:27:184 (00014608) > [NxSwapChainImpl] Swapchain native backbuffer (windows) resolution: 1920x1080
01:22:27:184 (00017084) > [Settings] New display settings are:
01:22:27:184 (00017084) > [**************************************************Display + Graphics Settings**************************************************] 
01:22:27:184 (00017084) > [Settings] DirectX Version: 12
01:22:27:184 (00017084) > [Settings] Window mode: Fullscreen
01:22:27:184 (00017084) > [Settings] Fullscreen display mode:
01:22:27:184 (00017084) > [Settings] 	Displaying on monitor: 0
01:22:27:184 (00017084) > [Settings] 	Resolution: 1920x1080
01:22:27:184 (00017084) > [Settings] 	HDR: Off
01:22:27:184 (00017084) > [Settings] 	OS reported Refresh rate: 60
01:22:27:184 (00017084) > [Settings] 	VSync: On
01:22:27:184 (00017084) > [Settings] 	Reflex: Low Latency
01:22:27:184 (00017084) > [Settings] 	Frame generation: None
01:22:27:184 (00017084) > [Settings] 	Resolution modifier 1.000000
01:22:27:184 (00017084) > [Settings] 	Dynamic resolution FPS target: 30
01:22:27:184 (00017084) > [Settings] Anti aliasing: TAA

01:22:27:184 (00017084) > [Settings] Upscale method: FSR

01:22:27:184 (00017084) > [Settings] Upscale quality: Quality

01:22:27:184 (00017084) > [Settings] Upscale sharpen value: 0.000000

01:22:27:184 (00017084) > [Settings] Graphics Options:
01:22:27:184 (00017084) > [Settings] 	Texture Quality: Low
01:22:27:184 (00017084) > [Settings] 	Texture Filtering: Trilinear
01:22:27:184 (00017084) > [Settings] 	Shadow Quality: Low
01:22:27:184 (00017084) > [Settings] 	Depth of Field: Medium
01:22:27:184 (00017084) > [Settings] 	Level of Detail: Low
01:22:27:184 (00017084) > [Settings] 	Cinematic LOD: Performance
01:22:27:184 (00017084) > [Settings] 	Terrain Quality: Low
01:22:27:184 (00017084) > [Settings] 	Water Quality: Low
01:22:27:184 (00017084) > [Settings] 	Clouds Quality: Low
01:22:27:184 (00017084) > [Settings] 	Crowd Detail: Low
01:22:27:184 (00017084) > [Settings] 	Hair Quality: Low
01:22:27:184 (00017084) > [Settings] 	Ambient Occlusion: SSAO
01:22:27:184 (00017084) > [Settings] 	Screen Space Reflections: Off
01:22:27:184 (00017084) > [Settings] 	Translucency Quality: Default

01:22:27:184 (00017084) > [Settings] 	Bloom: On
01:22:27:184 (00017084) > [Settings] 	Vignette: On
01:22:27:184 (00017084) > [Settings] 	Chromatic Aberration: On
01:22:27:184 (00017084) > [Settings] 	Motion Blur: 1.000000
01:22:27:184 (00017084) > [Settings] 	FOV Correction: 1.000000
01:22:27:184 (00017084) > [Settings] 	Film Grain Strength: 1.000000
01:22:27:184 (00017084) > [Settings] 	Sharpness: 0.500000
01:22:27:184 (00017084) > [Settings] 	Lens Flares: On
01:22:27:184 (00017084) > [Settings] 	Screen Effects: On
01:22:27:184 (00017084) > [Settings] 	Parallax Occlusion: Off
01:22:27:184 (00017084) > [Settings] 	Screen Space Shadows: Off
01:22:27:184 (00017084) > [**************************************************Display + Graphics Settings**************************************************] 
01:22:27:184 (00017084) > [Settings] End of settings.
01:22:27:188 (00017084) > [NxApp] Finished enforcing display settings
01:22:27:200 (00014608) > [NxSwapChainImpl] Swapchain native backbuffer (windows) resolution: 1920x1080
01:22:27:200 (00017084) > [Settings] New display settings are:
01:22:27:200 (00017084) > [**************************************************Display + Graphics Settings**************************************************] 
01:22:27:200 (00017084) > [Settings] DirectX Version: 12
01:22:27:200 (00017084) > [Settings] Window mode: Fullscreen
01:22:27:200 (00017084) > [Settings] Fullscreen display mode:
01:22:27:200 (00017084) > [Settings] 	Displaying on monitor: 0
01:22:27:200 (00017084) > [Settings] 	Resolution: 1920x1080
01:22:27:200 (00017084) > [Settings] 	HDR: Off
01:22:27:200 (00017084) > [Settings] 	OS reported Refresh rate: 60
01:22:27:200 (00017084) > [Settings] 	VSync: On
01:22:27:200 (00017084) > [Settings] 	Reflex: Low Latency
01:22:27:200 (00017084) > [Settings] 	Frame generation: None
01:22:27:200 (00017084) > [Settings] 	Resolution modifier 1.000000
01:22:27:200 (00017084) > [Settings] 	Dynamic resolution FPS target: 30
01:22:27:200 (00017084) > [Settings] Anti aliasing: TAA

01:22:27:200 (00017084) > [Settings] Upscale method: FSR

01:22:27:200 (00017084) > [Settings] Upscale quality: Quality

01:22:27:200 (00017084) > [Settings] Upscale sharpen value: 0.000000

01:22:27:200 (00017084) > [Settings] Graphics Options:
01:22:27:200 (00017084) > [Settings] 	Texture Quality: Low
01:22:27:200 (00017084) > [Settings] 	Texture Filtering: Trilinear
01:22:27:200 (00017084) > [Settings] 	Shadow Quality: Low
01:22:27:200 (00017084) > [Settings] 	Depth of Field: Medium
01:22:27:200 (00017084) > [Settings] 	Level of Detail: Low
01:22:27:200 (00017084) > [Settings] 	Cinematic LOD: Performance
01:22:27:200 (00017084) > [Settings] 	Terrain Quality: Low
01:22:27:200 (00017084) > [Settings] 	Water Quality: Low
01:22:27:201 (00017084) > [Settings] 	Clouds Quality: Low
01:22:27:201 (00017084) > [Settings] 	Crowd Detail: Low
01:22:27:201 (00017084) > [Settings] 	Hair Quality: Low
01:22:27:201 (00017084) > [Settings] 	Ambient Occlusion: SSAO
01:22:27:201 (00017084) > [Settings] 	Screen Space Reflections: Off
01:22:27:201 (00017084) > [Settings] 	Translucency Quality: Default

01:22:27:201 (00017084) > [Settings] 	Bloom: On
01:22:27:201 (00017084) > [Settings] 	Vignette: On
01:22:27:201 (00017084) > [Settings] 	Chromatic Aberration: On
01:22:27:201 (00017084) > [Settings] 	Motion Blur: 1.000000
01:22:27:201 (00017084) > [Settings] 	FOV Correction: 1.000000
01:22:27:201 (00017084) > [Settings] 	Film Grain Strength: 1.000000
01:22:27:201 (00017084) > [Settings] 	Sharpness: 0.500000
01:22:27:201 (00017084) > [Settings] 	Lens Flares: On
01:22:27:201 (00017084) > [Settings] 	Screen Effects: On
01:22:27:201 (00017084) > [Settings] 	Parallax Occlusion: Off
01:22:27:201 (00017084) > [Settings] 	Screen Space Shadows: Off
01:22:27:201 (00017084) > [**************************************************Display + Graphics Settings**************************************************] 
01:22:27:201 (00017084) > [Settings] End of settings.
01:22:27:205 (00017084) > [NxApp] Finished enforcing display settings
01:22:27:217 (00014608) > [NxSwapChainImpl] Swapchain native backbuffer (windows) resolution: 1920x1080
01:22:27:217 (00017084) > [Settings] New display settings are:
01:22:27:217 (00017084) > [**************************************************Display + Graphics Settings**************************************************] 
01:22:27:217 (00017084) > [Settings] DirectX Version: 12
01:22:27:217 (00017084) > [Settings] Window mode: Fullscreen
01:22:27:217 (00017084) > [Settings] Fullscreen display mode:
01:22:27:217 (00017084) > [Settings] 	Displaying on monitor: 0
01:22:27:217 (00017084) > [Settings] 	Resolution: 1920x1080
01:22:27:217 (00017084) > [Settings] 	HDR: Off
01:22:27:217 (00017084) > [Settings] 	OS reported Refresh rate: 60
01:22:27:217 (00017084) > [Settings] 	VSync: On
01:22:27:217 (00017084) > [Settings] 	Reflex: Low Latency
01:22:27:217 (00017084) > [Settings] 	Frame generation: None
01:22:27:217 (00017084) > [Settings] 	Resolution modifier 1.000000
01:22:27:217 (00017084) > [Settings] 	Dynamic resolution FPS target: 30
01:22:27:217 (00017084) > [Settings] Anti aliasing: TAA

01:22:27:217 (00017084) > [Settings] Upscale method: FSR

01:22:27:217 (00017084) > [Settings] Upscale quality: Quality

01:22:27:217 (00017084) > [Settings] Upscale sharpen value: 0.000000

01:22:27:217 (00017084) > [Settings] Graphics Options:
01:22:27:217 (00017084) > [Settings] 	Texture Quality: Low
01:22:27:217 (00017084) > [Settings] 	Texture Filtering: Trilinear
01:22:27:217 (00017084) > [Settings] 	Shadow Quality: Low
01:22:27:217 (00017084) > [Settings] 	Depth of Field: Medium
01:22:27:217 (00017084) > [Settings] 	Level of Detail: Low
01:22:27:217 (00017084) > [Settings] 	Cinematic LOD: Performance
01:22:27:217 (00017084) > [Settings] 	Terrain Quality: Low
01:22:27:217 (00017084) > [Settings] 	Water Quality: Low
01:22:27:217 (00017084) > [Settings] 	Clouds Quality: Low
01:22:27:217 (00017084) > [Settings] 	Crowd Detail: Low
01:22:27:217 (00017084) > [Settings] 	Hair Quality: Low
01:22:27:217 (00017084) > [Settings] 	Ambient Occlusion: SSAO
01:22:27:217 (00017084) > [Settings] 	Screen Space Reflections: Off
01:22:27:217 (00017084) > [Settings] 	Translucency Quality: Default

01:22:27:217 (00017084) > [Settings] 	Bloom: On
01:22:27:217 (00017084) > [Settings] 	Vignette: On
01:22:27:217 (00017084) > [Settings] 	Chromatic Aberration: On
01:22:27:217 (00017084) > [Settings] 	Motion Blur: 1.000000
01:22:27:217 (00017084) > [Settings] 	FOV Correction: 1.000000
01:22:27:217 (00017084) > [Settings] 	Film Grain Strength: 1.000000
01:22:27:217 (00017084) > [Settings] 	Sharpness: 0.500000
01:22:27:217 (00017084) > [Settings] 	Lens Flares: On
01:22:27:217 (00017084) > [Settings] 	Screen Effects: On
01:22:27:217 (00017084) > [Settings] 	Parallax Occlusion: Off
01:22:27:217 (00017084) > [Settings] 	Screen Space Shadows: Off
01:22:27:217 (00017084) > [**************************************************Display + Graphics Settings**************************************************] 
01:22:27:217 (00017084) > [Settings] End of settings.
01:22:27:221 (00017084) > [NxApp] Finished enforcing display settings
01:22:27:234 (00014608) > [NxSwapChainImpl] Swapchain native backbuffer (windows) resolution: 1920x1080
01:22:27:234 (00017084) > [Settings] New display settings are:
01:22:27:234 (00017084) > [**************************************************Display + Graphics Settings**************************************************] 
01:22:27:234 (00017084) > [Settings] DirectX Version: 12
01:22:27:234 (00017084) > [Settings] Window mode: Fullscreen
01:22:27:234 (00017084) > [Settings] Fullscreen display mode:
01:22:27:234 (00017084) > [Settings] 	Displaying on monitor: 0
01:22:27:234 (00017084) > [Settings] 	Resolution: 1920x1080
01:22:27:234 (00017084) > [Settings] 	HDR: Off
01:22:27:234 (00017084) > [Settings] 	OS reported Refresh rate: 60
01:22:27:234 (00017084) > [Settings] 	VSync: On
01:22:27:234 (00017084) > [Settings] 	Reflex: Low Latency
01:22:27:234 (00017084) > [Settings] 	Frame generation: None
01:22:27:234 (00017084) > [Settings] 	Resolution modifier 1.000000
01:22:27:234 (00017084) > [Settings] 	Dynamic resolution FPS target: 30
01:22:27:234 (00017084) > [Settings] Anti aliasing: TAA

01:22:27:234 (00017084) > [Settings] Upscale method: FSR

01:22:27:234 (00017084) > [Settings] Upscale quality: Quality

01:22:27:234 (00017084) > [Settings] Upscale sharpen value: 0.000000

01:22:27:234 (00017084) > [Settings] Graphics Options:
01:22:27:234 (00017084) > [Settings] 	Texture Quality: Low
01:22:27:234 (00017084) > [Settings] 	Texture Filtering: Trilinear
01:22:27:234 (00017084) > [Settings] 	Shadow Quality: Low
01:22:27:234 (00017084) > [Settings] 	Depth of Field: Medium
01:22:27:234 (00017084) > [Settings] 	Level of Detail: Low
01:22:27:234 (00017084) > [Settings] 	Cinematic LOD: Performance
01:22:27:234 (00017084) > [Settings] 	Terrain Quality: Low
01:22:27:234 (00017084) > [Settings] 	Water Quality: Low
01:22:27:234 (00017084) > [Settings] 	Clouds Quality: Low
01:22:27:234 (00017084) > [Settings] 	Crowd Detail: Low
01:22:27:234 (00017084) > [Settings] 	Hair Quality: Low
01:22:27:234 (00017084) > [Settings] 	Ambient Occlusion: SSAO
01:22:27:234 (00017084) > [Settings] 	Screen Space Reflections: Off
01:22:27:234 (00017084) > [Settings] 	Translucency Quality: Default

01:22:27:234 (00017084) > [Settings] 	Bloom: On
01:22:27:234 (00017084) > [Settings] 	Vignette: On
01:22:27:234 (00017084) > [Settings] 	Chromatic Aberration: On
01:22:27:234 (00017084) > [Settings] 	Motion Blur: 1.000000
01:22:27:234 (00017084) > [Settings] 	FOV Correction: 1.000000
01:22:27:234 (00017084) > [Settings] 	Film Grain Strength: 1.000000
01:22:27:234 (00017084) > [Settings] 	Sharpness: 0.500000
01:22:27:234 (00017084) > [Settings] 	Lens Flares: On
01:22:27:234 (00017084) > [Settings] 	Screen Effects: On
01:22:27:234 (00017084) > [Settings] 	Parallax Occlusion: Off
01:22:27:234 (00017084) > [Settings] 	Screen Space Shadows: Off
01:22:27:234 (00017084) > [**************************************************Display + Graphics Settings**************************************************] 
01:22:27:234 (00017084) > [Settings] End of settings.
01:22:27:237 (00017084) > [NxApp] Finished enforcing display settings
01:22:27:250 (00014608) > [NxSwapChainImpl] Swapchain native backbuffer (windows) resolution: 1920x1080
01:22:27:250 (00017084) > [Settings] New display settings are:
01:22:27:250 (00017084) > [**************************************************Display + Graphics Settings**************************************************] 
01:22:27:250 (00017084) > [Settings] DirectX Version: 12
01:22:27:250 (00017084) > [Settings] Window mode: Fullscreen
01:22:27:250 (00017084) > [Settings] Fullscreen display mode:
01:22:27:250 (00017084) > [Settings] 	Displaying on monitor: 0
01:22:27:250 (00017084) > [Settings] 	Resolution: 1920x1080
01:22:27:250 (00017084) > [Settings] 	HDR: Off
01:22:27:250 (00017084) > [Settings] 	OS reported Refresh rate: 60
01:22:27:250 (00017084) > [Settings] 	VSync: On
01:22:27:250 (00017084) > [Settings] 	Reflex: Low Latency
01:22:27:250 (00017084) > [Settings] 	Frame generation: None
01:22:27:250 (00017084) > [Settings] 	Resolution modifier 1.000000
01:22:27:250 (00017084) > [Settings] 	Dynamic resolution FPS target: 30
01:22:27:250 (00017084) > [Settings] Anti aliasing: TAA

01:22:27:250 (00017084) > [Settings] Upscale method: FSR

01:22:27:250 (00017084) > [Settings] Upscale quality: Quality

01:22:27:251 (00017084) > [Settings] Upscale sharpen value: 0.000000

01:22:27:251 (00017084) > [Settings] Graphics Options:
01:22:27:251 (00017084) > [Settings] 	Texture Quality: Low
01:22:27:251 (00017084) > [Settings] 	Texture Filtering: Trilinear
01:22:27:251 (00017084) > [Settings] 	Shadow Quality: Low
01:22:27:251 (00017084) > [Settings] 	Depth of Field: Medium
01:22:27:251 (00017084) > [Settings] 	Level of Detail: Low
01:22:27:251 (00017084) > [Settings] 	Cinematic LOD: Performance
01:22:27:251 (00017084) > [Settings] 	Terrain Quality: Low
01:22:27:251 (00017084) > [Settings] 	Water Quality: Low
01:22:27:251 (00017084) > [Settings] 	Clouds Quality: Low
01:22:27:251 (00017084) > [Settings] 	Crowd Detail: Low
01:22:27:251 (00017084) > [Settings] 	Hair Quality: Low
01:22:27:251 (00017084) > [Settings] 	Ambient Occlusion: SSAO
01:22:27:251 (00017084) > [Settings] 	Screen Space Reflections: Off
01:22:27:251 (00017084) > [Settings] 	Translucency Quality: Default

01:22:27:251 (00017084) > [Settings] 	Bloom: On
01:22:27:251 (00017084) > [Settings] 	Vignette: On
01:22:27:251 (00017084) > [Settings] 	Chromatic Aberration: On
01:22:27:251 (00017084) > [Settings] 	Motion Blur: 1.000000
01:22:27:251 (00017084) > [Settings] 	FOV Correction: 1.000000
01:22:27:251 (00017084) > [Settings] 	Film Grain Strength: 1.000000
01:22:27:251 (00017084) > [Settings] 	Sharpness: 0.500000
01:22:27:251 (00017084) > [Settings] 	Lens Flares: On
01:22:27:251 (00017084) > [Settings] 	Screen Effects: On
01:22:27:251 (00017084) > [Settings] 	Parallax Occlusion: Off
01:22:27:251 (00017084) > [Settings] 	Screen Space Shadows: Off
01:22:27:251 (00017084) > [**************************************************Display + Graphics Settings**************************************************] 
01:22:27:251 (00017084) > [Settings] End of settings.
01:22:27:254 (00017084) > [NxApp] Finished enforcing display settings
01:22:27:267 (00014608) > [NxSwapChainImpl] Swapchain native backbuffer (windows) resolution: 1920x1080
01:22:27:267 (00017084) > [Settings] New display settings are:
01:22:27:267 (00017084) > [**************************************************Display + Graphics Settings**************************************************] 
01:22:27:267 (00017084) > [Settings] DirectX Version: 12
01:22:27:267 (00017084) > [Settings] Window mode: Fullscreen
01:22:27:267 (00017084) > [Settings] Fullscreen display mode:
01:22:27:267 (00017084) > [Settings] 	Displaying on monitor: 0
01:22:27:267 (00017084) > [Settings] 	Resolution: 1920x1080
01:22:27:267 (00017084) > [Settings] 	HDR: Off
01:22:27:267 (00017084) > [Settings] 	OS reported Refresh rate: 60
01:22:27:267 (00017084) > [Settings] 	VSync: On
01:22:27:267 (00017084) > [Settings] 	Reflex: Low Latency
01:22:27:267 (00017084) > [Settings] 	Frame generation: None
01:22:27:267 (00017084) > [Settings] 	Resolution modifier 1.000000
01:22:27:267 (00017084) > [Settings] 	Dynamic resolution FPS target: 30
01:22:27:267 (00017084) > [Settings] Anti aliasing: TAA

01:22:27:267 (00017084) > [Settings] Upscale method: FSR

01:22:27:267 (00017084) > [Settings] Upscale quality: Quality

01:22:27:267 (00017084) > [Settings] Upscale sharpen value: 0.000000

01:22:27:267 (00017084) > [Settings] Graphics Options:
01:22:27:267 (00017084) > [Settings] 	Texture Quality: Low
01:22:27:267 (00017084) > [Settings] 	Texture Filtering: Trilinear
01:22:27:267 (00017084) > [Settings] 	Shadow Quality: Low
01:22:27:267 (00017084) > [Settings] 	Depth of Field: Medium
01:22:27:267 (00017084) > [Settings] 	Level of Detail: Low
01:22:27:267 (00017084) > [Settings] 	Cinematic LOD: Performance
01:22:27:267 (00017084) > [Settings] 	Terrain Quality: Low
01:22:27:267 (00017084) > [Settings] 	Water Quality: Low
01:22:27:267 (00017084) > [Settings] 	Clouds Quality: Low
01:22:27:267 (00017084) > [Settings] 	Crowd Detail: Low
01:22:27:267 (00017084) > [Settings] 	Hair Quality: Low
01:22:27:267 (00017084) > [Settings] 	Ambient Occlusion: SSAO
01:22:27:267 (00017084) > [Settings] 	Screen Space Reflections: Off
01:22:27:267 (00017084) > [Settings] 	Translucency Quality: Default

01:22:27:267 (00017084) > [Settings] 	Bloom: On
01:22:27:267 (00017084) > [Settings] 	Vignette: On
01:22:27:267 (00017084) > [Settings] 	Chromatic Aberration: On
01:22:27:267 (00017084) > [Settings] 	Motion Blur: 1.000000
01:22:27:267 (00017084) > [Settings] 	FOV Correction: 1.000000
01:22:27:267 (00017084) > [Settings] 	Film Grain Strength: 1.000000
01:22:27:267 (00017084) > [Settings] 	Sharpness: 0.500000
01:22:27:267 (00017084) > [Settings] 	Lens Flares: On
01:22:27:267 (00017084) > [Settings] 	Screen Effects: On
01:22:27:267 (00017084) > [Settings] 	Parallax Occlusion: Off
01:22:27:268 (00017084) > [Settings] 	Screen Space Shadows: Off
01:22:27:268 (00017084) > [**************************************************Display + Graphics Settings**************************************************] 
01:22:27:268 (00017084) > [Settings] End of settings.
01:22:27:272 (00017084) > [NxApp] Finished enforcing display settings
01:22:27:284 (00014608) > [NxSwapChainImpl] Swapchain native backbuffer (windows) resolution: 1920x1080
01:22:27:284 (00017084) > [Settings] New display settings are:
01:22:27:284 (00017084) > [**************************************************Display + Graphics Settings**************************************************] 
01:22:27:284 (00017084) > [Settings] DirectX Version: 12
01:22:27:284 (00017084) > [Settings] Window mode: Fullscreen
01:22:27:284 (00017084) > [Settings] Fullscreen display mode:
01:22:27:284 (00017084) > [Settings] 	Displaying on monitor: 0
01:22:27:284 (00017084) > [Settings] 	Resolution: 1920x1080
01:22:27:284 (00017084) > [Settings] 	HDR: Off
01:22:27:284 (00017084) > [Settings] 	OS reported Refresh rate: 60
01:22:27:284 (00017084) > [Settings] 	VSync: On
01:22:27:284 (00017084) > [Settings] 	Reflex: Low Latency
01:22:27:284 (00017084) > [Settings] 	Frame generation: None
01:22:27:284 (00017084) > [Settings] 	Resolution modifier 1.000000
01:22:27:284 (00017084) > [Settings] 	Dynamic resolution FPS target: 30
01:22:27:284 (00017084) > [Settings] Anti aliasing: TAA

01:22:27:284 (00017084) > [Settings] Upscale method: FSR

01:22:27:284 (00017084) > [Settings] Upscale quality: Quality

01:22:27:284 (00017084) > [Settings] Upscale sharpen value: 0.000000

01:22:27:284 (00017084) > [Settings] Graphics Options:
01:22:27:284 (00017084) > [Settings] 	Texture Quality: Low
01:22:27:284 (00017084) > [Settings] 	Texture Filtering: Trilinear
01:22:27:284 (00017084) > [Settings] 	Shadow Quality: Low
01:22:27:284 (00017084) > [Settings] 	Depth of Field: Medium
01:22:27:284 (00017084) > [Settings] 	Level of Detail: Low
01:22:27:284 (00017084) > [Settings] 	Cinematic LOD: Performance
01:22:27:284 (00017084) > [Settings] 	Terrain Quality: Low
01:22:27:284 (00017084) > [Settings] 	Water Quality: Low
01:22:27:284 (00017084) > [Settings] 	Clouds Quality: Low
01:22:27:284 (00017084) > [Settings] 	Crowd Detail: Low
01:22:27:284 (00017084) > [Settings] 	Hair Quality: Low
01:22:27:284 (00017084) > [Settings] 	Ambient Occlusion: SSAO
01:22:27:284 (00017084) > [Settings] 	Screen Space Reflections: Off
01:22:27:284 (00017084) > [Settings] 	Translucency Quality: Default

01:22:27:284 (00017084) > [Settings] 	Bloom: On
01:22:27:284 (00017084) > [Settings] 	Vignette: On
01:22:27:284 (00017084) > [Settings] 	Chromatic Aberration: On
01:22:27:284 (00017084) > [Settings] 	Motion Blur: 1.000000
01:22:27:284 (00017084) > [Settings] 	FOV Correction: 1.000000
01:22:27:284 (00017084) > [Settings] 	Film Grain Strength: 1.000000
01:22:27:284 (00017084) > [Settings] 	Sharpness: 0.500000
01:22:27:284 (00017084) > [Settings] 	Lens Flares: On
01:22:27:284 (00017084) > [Settings] 	Screen Effects: On
01:22:27:284 (00017084) > [Settings] 	Parallax Occlusion: Off
01:22:27:284 (00017084) > [Settings] 	Screen Space Shadows: Off
01:22:27:284 (00017084) > [**************************************************Display + Graphics Settings**************************************************] 
01:22:27:284 (00017084) > [Settings] End of settings.
01:22:27:288 (00017084) > [NxApp] Finished enforcing display settings
01:22:27:300 (00014608) > [NxSwapChainImpl] Swapchain native backbuffer (windows) resolution: 1920x1080
01:22:27:300 (00017084) > [Settings] New display settings are:
01:22:27:300 (00017084) > [**************************************************Display + Graphics Settings**************************************************] 
01:22:27:300 (00017084) > [Settings] DirectX Version: 12
01:22:27:300 (00017084) > [Settings] Window mode: Fullscreen
01:22:27:300 (00017084) > [Settings] Fullscreen display mode:
01:22:27:300 (00017084) > [Settings] 	Displaying on monitor: 0
01:22:27:300 (00017084) > [Settings] 	Resolution: 1920x1080
01:22:27:300 (00017084) > [Settings] 	HDR: Off
01:22:27:300 (00017084) > [Settings] 	OS reported Refresh rate: 60
01:22:27:300 (00017084) > [Settings] 	VSync: On
01:22:27:300 (00017084) > [Settings] 	Reflex: Low Latency
01:22:27:300 (00017084) > [Settings] 	Frame generation: None
01:22:27:300 (00017084) > [Settings] 	Resolution modifier 1.000000
01:22:27:300 (00017084) > [Settings] 	Dynamic resolution FPS target: 30
01:22:27:300 (00017084) > [Settings] Anti aliasing: TAA

01:22:27:300 (00017084) > [Settings] Upscale method: FSR

01:22:27:300 (00017084) > [Settings] Upscale quality: Quality

01:22:27:300 (00017084) > [Settings] Upscale sharpen value: 0.000000

01:22:27:300 (00017084) > [Settings] Graphics Options:
01:22:27:300 (00017084) > [Settings] 	Texture Quality: Low
01:22:27:300 (00017084) > [Settings] 	Texture Filtering: Trilinear
01:22:27:300 (00017084) > [Settings] 	Shadow Quality: Low
01:22:27:300 (00017084) > [Settings] 	Depth of Field: Medium
01:22:27:300 (00017084) > [Settings] 	Level of Detail: Low
01:22:27:300 (00017084) > [Settings] 	Cinematic LOD: Performance
01:22:27:300 (00017084) > [Settings] 	Terrain Quality: Low
01:22:27:300 (00017084) > [Settings] 	Water Quality: Low
01:22:27:300 (00017084) > [Settings] 	Clouds Quality: Low
01:22:27:300 (00017084) > [Settings] 	Crowd Detail: Low
01:22:27:300 (00017084) > [Settings] 	Hair Quality: Low
01:22:27:300 (00017084) > [Settings] 	Ambient Occlusion: SSAO
01:22:27:300 (00017084) > [Settings] 	Screen Space Reflections: Off
01:22:27:300 (00017084) > [Settings] 	Translucency Quality: Default

01:22:27:300 (00017084) > [Settings] 	Bloom: On
01:22:27:300 (00017084) > [Settings] 	Vignette: On
01:22:27:300 (00017084) > [Settings] 	Chromatic Aberration: On
01:22:27:300 (00017084) > [Settings] 	Motion Blur: 1.000000
01:22:27:300 (00017084) > [Settings] 	FOV Correction: 1.000000
01:22:27:300 (00017084) > [Settings] 	Film Grain Strength: 1.000000
01:22:27:300 (00017084) > [Settings] 	Sharpness: 0.500000
01:22:27:300 (00017084) > [Settings] 	Lens Flares: On
01:22:27:300 (00017084) > [Settings] 	Screen Effects: On
01:22:27:300 (00017084) > [Settings] 	Parallax Occlusion: Off
01:22:27:300 (00017084) > [Settings] 	Screen Space Shadows: Off
01:22:27:300 (00017084) > [**************************************************Display + Graphics Settings**************************************************] 
01:22:27:300 (00017084) > [Settings] End of settings.
01:22:27:304 (00017084) > [NxApp] Finished enforcing display settings
01:22:27:317 (00014608) > [NxSwapChainImpl] Swapchain native backbuffer (windows) resolution: 1920x1080
01:22:27:317 (00017084) > [Settings] New display settings are:
01:22:27:317 (00017084) > [**************************************************Display + Graphics Settings**************************************************] 
01:22:27:317 (00017084) > [Settings] DirectX Version: 12
01:22:27:317 (00017084) > [Settings] Window mode: Fullscreen
01:22:27:317 (00017084) > [Settings] Fullscreen display mode:
01:22:27:317 (00017084) > [Settings] 	Displaying on monitor: 0
01:22:27:317 (00017084) > [Settings] 	Resolution: 1920x1080
01:22:27:317 (00017084) > [Settings] 	HDR: Off
01:22:27:317 (00017084) > [Settings] 	OS reported Refresh rate: 60
01:22:27:317 (00017084) > [Settings] 	VSync: On
01:22:27:317 (00017084) > [Settings] 	Reflex: Low Latency
01:22:27:317 (00017084) > [Settings] 	Frame generation: None
01:22:27:317 (00017084) > [Settings] 	Resolution modifier 1.000000
01:22:27:317 (00017084) > [Settings] 	Dynamic resolution FPS target: 30
01:22:27:317 (00017084) > [Settings] Anti aliasing: TAA

01:22:27:317 (00017084) > [Settings] Upscale method: FSR

01:22:27:317 (00017084) > [Settings] Upscale quality: Quality

01:22:27:317 (00017084) > [Settings] Upscale sharpen value: 0.000000

01:22:27:317 (00017084) > [Settings] Graphics Options:
01:22:27:317 (00017084) > [Settings] 	Texture Quality: Low
01:22:27:317 (00017084) > [Settings] 	Texture Filtering: Trilinear
01:22:27:317 (00017084) > [Settings] 	Shadow Quality: Low
01:22:27:317 (00017084) > [Settings] 	Depth of Field: Medium
01:22:27:317 (00017084) > [Settings] 	Level of Detail: Low
01:22:27:317 (00017084) > [Settings] 	Cinematic LOD: Performance
01:22:27:317 (00017084) > [Settings] 	Terrain Quality: Low
01:22:27:317 (00017084) > [Settings] 	Water Quality: Low
01:22:27:317 (00017084) > [Settings] 	Clouds Quality: Low
01:22:27:317 (00017084) > [Settings] 	Crowd Detail: Low
01:22:27:317 (00017084) > [Settings] 	Hair Quality: Low
01:22:27:317 (00017084) > [Settings] 	Ambient Occlusion: SSAO
01:22:27:317 (00017084) > [Settings] 	Screen Space Reflections: Off
01:22:27:317 (00017084) > [Settings] 	Translucency Quality: Default

01:22:27:317 (00017084) > [Settings] 	Bloom: On
01:22:27:317 (00017084) > [Settings] 	Vignette: On
01:22:27:317 (00017084) > [Settings] 	Chromatic Aberration: On
01:22:27:317 (00017084) > [Settings] 	Motion Blur: 1.000000
01:22:27:317 (00017084) > [Settings] 	FOV Correction: 1.000000
01:22:27:317 (00017084) > [Settings] 	Film Grain Strength: 1.000000
01:22:27:317 (00017084) > [Settings] 	Sharpness: 0.500000
01:22:27:317 (00017084) > [Settings] 	Lens Flares: On
01:22:27:317 (00017084) > [Settings] 	Screen Effects: On
01:22:27:317 (00017084) > [Settings] 	Parallax Occlusion: Off
01:22:27:317 (00017084) > [Settings] 	Screen Space Shadows: Off
01:22:27:317 (00017084) > [**************************************************Display + Graphics Settings**************************************************] 
01:22:27:317 (00017084) > [Settings] End of settings.
01:22:27:322 (00017084) > [NxApp] Finished enforcing display settings
01:22:27:334 (00014608) > [NxSwapChainImpl] Swapchain native backbuffer (windows) resolution: 1920x1080
01:22:27:334 (00017084) > [Settings] New display settings are:
01:22:27:334 (00017084) > [**************************************************Display + Graphics Settings**************************************************] 
01:22:27:334 (00017084) > [Settings] DirectX Version: 12
01:22:27:334 (00017084) > [Settings] Window mode: Fullscreen
01:22:27:334 (00017084) > [Settings] Fullscreen display mode:
01:22:27:334 (00017084) > [Settings] 	Displaying on monitor: 0
01:22:27:334 (00017084) > [Settings] 	Resolution: 1920x1080
01:22:27:334 (00017084) > [Settings] 	HDR: Off
01:22:27:334 (00017084) > [Settings] 	OS reported Refresh rate: 60
01:22:27:334 (00017084) > [Settings] 	VSync: On
01:22:27:334 (00017084) > [Settings] 	Reflex: Low Latency
01:22:27:334 (00017084) > [Settings] 	Frame generation: None
01:22:27:334 (00017084) > [Settings] 	Resolution modifier 1.000000
01:22:27:334 (00017084) > [Settings] 	Dynamic resolution FPS target: 30
01:22:27:334 (00017084) > [Settings] Anti aliasing: TAA

01:22:27:334 (00017084) > [Settings] Upscale method: FSR

01:22:27:334 (00017084) > [Settings] Upscale quality: Quality

01:22:27:334 (00017084) > [Settings] Upscale sharpen value: 0.000000

01:22:27:334 (00017084) > [Settings] Graphics Options:
01:22:27:334 (00017084) > [Settings] 	Texture Quality: Low
01:22:27:334 (00017084) > [Settings] 	Texture Filtering: Trilinear
01:22:27:334 (00017084) > [Settings] 	Shadow Quality: Low
01:22:27:334 (00017084) > [Settings] 	Depth of Field: Medium
01:22:27:334 (00017084) > [Settings] 	Level of Detail: Low
01:22:27:334 (00017084) > [Settings] 	Cinematic LOD: Performance
01:22:27:334 (00017084) > [Settings] 	Terrain Quality: Low
01:22:27:334 (00017084) > [Settings] 	Water Quality: Low
01:22:27:334 (00017084) > [Settings] 	Clouds Quality: Low
01:22:27:334 (00017084) > [Settings] 	Crowd Detail: Low
01:22:27:334 (00017084) > [Settings] 	Hair Quality: Low
01:22:27:334 (00017084) > [Settings] 	Ambient Occlusion: SSAO
01:22:27:334 (00017084) > [Settings] 	Screen Space Reflections: Off
01:22:27:334 (00017084) > [Settings] 	Translucency Quality: Default

01:22:27:334 (00017084) > [Settings] 	Bloom: On
01:22:27:334 (00017084) > [Settings] 	Vignette: On
01:22:27:334 (00017084) > [Settings] 	Chromatic Aberration: On
01:22:27:334 (00017084) > [Settings] 	Motion Blur: 1.000000
01:22:27:334 (00017084) > [Settings] 	FOV Correction: 1.000000
01:22:27:334 (00017084) > [Settings] 	Film Grain Strength: 1.000000
01:22:27:334 (00017084) > [Settings] 	Sharpness: 0.500000
01:22:27:334 (00017084) > [Settings] 	Lens Flares: On
01:22:27:334 (00017084) > [Settings] 	Screen Effects: On
01:22:27:334 (00017084) > [Settings] 	Parallax Occlusion: Off
01:22:27:334 (00017084) > [Settings] 	Screen Space Shadows: Off
01:22:27:334 (00017084) > [**************************************************Display + Graphics Settings**************************************************] 
01:22:27:334 (00017084) > [Settings] End of settings.
01:22:27:338 (00017084) > [NxApp] Finished enforcing display settings
01:22:27:350 (00014608) > [NxSwapChainImpl] Swapchain native backbuffer (windows) resolution: 1920x1080
01:22:27:350 (00017084) > [Settings] New display settings are:
01:22:27:350 (00017084) > [**************************************************Display + Graphics Settings**************************************************] 
01:22:27:350 (00017084) > [Settings] DirectX Version: 12
01:22:27:350 (00017084) > [Settings] Window mode: Fullscreen
01:22:27:350 (00017084) > [Settings] Fullscreen display mode:
01:22:27:350 (00017084) > [Settings] 	Displaying on monitor: 0
01:22:27:350 (00017084) > [Settings] 	Resolution: 1920x1080
01:22:27:350 (00017084) > [Settings] 	HDR: Off
01:22:27:350 (00017084) > [Settings] 	OS reported Refresh rate: 60
01:22:27:350 (00017084) > [Settings] 	VSync: On
01:22:27:350 (00017084) > [Settings] 	Reflex: Low Latency
01:22:27:350 (00017084) > [Settings] 	Frame generation: None
01:22:27:350 (00017084) > [Settings] 	Resolution modifier 1.000000
01:22:27:350 (00017084) > [Settings] 	Dynamic resolution FPS target: 30
01:22:27:350 (00017084) > [Settings] Anti aliasing: TAA

01:22:27:350 (00017084) > [Settings] Upscale method: FSR

01:22:27:350 (00017084) > [Settings] Upscale quality: Quality

01:22:27:350 (00017084) > [Settings] Upscale sharpen value: 0.000000

01:22:27:350 (00017084) > [Settings] Graphics Options:
01:22:27:351 (00017084) > [Settings] 	Texture Quality: Low
01:22:27:351 (00017084) > [Settings] 	Texture Filtering: Trilinear
01:22:27:351 (00017084) > [Settings] 	Shadow Quality: Low
01:22:27:351 (00017084) > [Settings] 	Depth of Field: Medium
01:22:27:351 (00017084) > [Settings] 	Level of Detail: Low
01:22:27:351 (00017084) > [Settings] 	Cinematic LOD: Performance
01:22:27:351 (00017084) > [Settings] 	Terrain Quality: Low
01:22:27:351 (00017084) > [Settings] 	Water Quality: Low
01:22:27:351 (00017084) > [Settings] 	Clouds Quality: Low
01:22:27:351 (00017084) > [Settings] 	Crowd Detail: Low
01:22:27:351 (00017084) > [Settings] 	Hair Quality: Low
01:22:27:351 (00017084) > [Settings] 	Ambient Occlusion: SSAO
01:22:27:351 (00017084) > [Settings] 	Screen Space Reflections: Off
01:22:27:351 (00017084) > [Settings] 	Translucency Quality: Default

01:22:27:351 (00017084) > [Settings] 	Bloom: On
01:22:27:351 (00017084) > [Settings] 	Vignette: On
01:22:27:351 (00017084) > [Settings] 	Chromatic Aberration: On
01:22:27:351 (00017084) > [Settings] 	Motion Blur: 1.000000
01:22:27:351 (00017084) > [Settings] 	FOV Correction: 1.000000
01:22:27:351 (00017084) > [Settings] 	Film Grain Strength: 1.000000
01:22:27:351 (00017084) > [Settings] 	Sharpness: 0.500000
01:22:27:351 (00017084) > [Settings] 	Lens Flares: On
01:22:27:351 (00017084) > [Settings] 	Screen Effects: On
01:22:27:351 (00017084) > [Settings] 	Parallax Occlusion: Off
01:22:27:351 (00017084) > [Settings] 	Screen Space Shadows: Off
01:22:27:351 (00017084) > [**************************************************Display + Graphics Settings**************************************************] 
01:22:27:351 (00017084) > [Settings] End of settings.
01:22:27:355 (00017084) > [NxApp] Finished enforcing display settings
01:22:27:367 (00014608) > [NxSwapChainImpl] Swapchain native backbuffer (windows) resolution: 1920x1080
01:22:27:367 (00017084) > [Settings] New display settings are:
01:22:27:367 (00017084) > [**************************************************Display + Graphics Settings**************************************************] 
01:22:27:367 (00017084) > [Settings] DirectX Version: 12
01:22:27:367 (00017084) > [Settings] Window mode: Fullscreen
01:22:27:367 (00017084) > [Settings] Fullscreen display mode:
01:22:27:367 (00017084) > [Settings] 	Displaying on monitor: 0
01:22:27:367 (00017084) > [Settings] 	Resolution: 1920x1080
01:22:27:367 (00017084) > [Settings] 	HDR: Off
01:22:27:367 (00017084) > [Settings] 	OS reported Refresh rate: 60
01:22:27:367 (00017084) > [Settings] 	VSync: On
01:22:27:367 (00017084) > [Settings] 	Reflex: Low Latency
01:22:27:367 (00017084) > [Settings] 	Frame generation: None
01:22:27:367 (00017084) > [Settings] 	Resolution modifier 1.000000
01:22:27:367 (00017084) > [Settings] 	Dynamic resolution FPS target: 30
01:22:27:367 (00017084) > [Settings] Anti aliasing: TAA

01:22:27:367 (00017084) > [Settings] Upscale method: FSR

01:22:27:367 (00017084) > [Settings] Upscale quality: Quality

01:22:27:367 (00017084) > [Settings] Upscale sharpen value: 0.000000

01:22:27:367 (00017084) > [Settings] Graphics Options:
01:22:27:367 (00017084) > [Settings] 	Texture Quality: Low
01:22:27:367 (00017084) > [Settings] 	Texture Filtering: Trilinear
01:22:27:367 (00017084) > [Settings] 	Shadow Quality: Low
01:22:27:367 (00017084) > [Settings] 	Depth of Field: Medium
01:22:27:367 (00017084) > [Settings] 	Level of Detail: Low
01:22:27:367 (00017084) > [Settings] 	Cinematic LOD: Performance
01:22:27:367 (00017084) > [Settings] 	Terrain Quality: Low
01:22:27:367 (00017084) > [Settings] 	Water Quality: Low
01:22:27:367 (00017084) > [Settings] 	Clouds Quality: Low
01:22:27:367 (00017084) > [Settings] 	Crowd Detail: Low
01:22:27:367 (00017084) > [Settings] 	Hair Quality: Low
01:22:27:367 (00017084) > [Settings] 	Ambient Occlusion: SSAO
01:22:27:367 (00017084) > [Settings] 	Screen Space Reflections: Off
01:22:27:367 (00017084) > [Settings] 	Translucency Quality: Default

01:22:27:367 (00017084) > [Settings] 	Bloom: On
01:22:27:367 (00017084) > [Settings] 	Vignette: On
01:22:27:367 (00017084) > [Settings] 	Chromatic Aberration: On
01:22:27:367 (00017084) > [Settings] 	Motion Blur: 1.000000
01:22:27:367 (00017084) > [Settings] 	FOV Correction: 1.000000
01:22:27:367 (00017084) > [Settings] 	Film Grain Strength: 1.000000
01:22:27:367 (00017084) > [Settings] 	Sharpness: 0.500000
01:22:27:367 (00017084) > [Settings] 	Lens Flares: On
01:22:27:367 (00017084) > [Settings] 	Screen Effects: On
01:22:27:367 (00017084) > [Settings] 	Parallax Occlusion: Off
01:22:27:367 (00017084) > [Settings] 	Screen Space Shadows: Off
01:22:27:367 (00017084) > [**************************************************Display + Graphics Settings**************************************************] 
01:22:27:367 (00017084) > [Settings] End of settings.
01:22:27:371 (00017084) > [NxApp] Finished enforcing display settings
01:22:27:400 (00014608) > [NxSwapChainImpl] Swapchain native backbuffer (windows) resolution: 1920x1080
01:22:27:400 (00017084) > [Settings] New display settings are:
01:22:27:400 (00017084) > [**************************************************Display + Graphics Settings**************************************************] 
01:22:27:400 (00017084) > [Settings] DirectX Version: 12
01:22:27:400 (00017084) > [Settings] Window mode: Fullscreen
01:22:27:400 (00017084) > [Settings] Fullscreen display mode:
01:22:27:400 (00017084) > [Settings] 	Displaying on monitor: 0
01:22:27:400 (00017084) > [Settings] 	Resolution: 1920x1080
01:22:27:401 (00017084) > [Settings] 	HDR: Off
01:22:27:401 (00017084) > [Settings] 	OS reported Refresh rate: 60
01:22:27:401 (00017084) > [Settings] 	VSync: On
01:22:27:401 (00017084) > [Settings] 	Reflex: Low Latency
01:22:27:401 (00017084) > [Settings] 	Frame generation: None
01:22:27:401 (00017084) > [Settings] 	Resolution modifier 1.000000
01:22:27:401 (00017084) > [Settings] 	Dynamic resolution FPS target: 30
01:22:27:401 (00017084) > [Settings] Anti aliasing: TAA

01:22:27:401 (00017084) > [Settings] Upscale method: FSR

01:22:27:401 (00017084) > [Settings] Upscale quality: Quality

01:22:27:401 (00017084) > [Settings] Upscale sharpen value: 0.000000

01:22:27:401 (00017084) > [Settings] Graphics Options:
01:22:27:401 (00017084) > [Settings] 	Texture Quality: Low
01:22:27:401 (00017084) > [Settings] 	Texture Filtering: Trilinear
01:22:27:401 (00017084) > [Settings] 	Shadow Quality: Low
01:22:27:401 (00017084) > [Settings] 	Depth of Field: Medium
01:22:27:401 (00017084) > [Settings] 	Level of Detail: Low
01:22:27:401 (00017084) > [Settings] 	Cinematic LOD: Performance
01:22:27:401 (00017084) > [Settings] 	Terrain Quality: Low
01:22:27:401 (00017084) > [Settings] 	Water Quality: Low
01:22:27:401 (00017084) > [Settings] 	Clouds Quality: Low
01:22:27:401 (00017084) > [Settings] 	Crowd Detail: Low
01:22:27:401 (00017084) > [Settings] 	Hair Quality: Low
01:22:27:401 (00017084) > [Settings] 	Ambient Occlusion: SSAO
01:22:27:401 (00017084) > [Settings] 	Screen Space Reflections: Off
01:22:27:401 (00017084) > [Settings] 	Translucency Quality: Default

01:22:27:401 (00017084) > [Settings] 	Bloom: On
01:22:27:401 (00017084) > [Settings] 	Vignette: On
01:22:27:401 (00017084) > [Settings] 	Chromatic Aberration: On
01:22:27:401 (00017084) > [Settings] 	Motion Blur: 1.000000
01:22:27:401 (00017084) > [Settings] 	FOV Correction: 1.000000
01:22:27:401 (00017084) > [Settings] 	Film Grain Strength: 1.000000
01:22:27:401 (00017084) > [Settings] 	Sharpness: 0.500000
01:22:27:401 (00017084) > [Settings] 	Lens Flares: On
01:22:27:401 (00017084) > [Settings] 	Screen Effects: On
01:22:27:401 (00017084) > [Settings] 	Parallax Occlusion: Off
01:22:27:401 (00017084) > [Settings] 	Screen Space Shadows: Off
01:22:27:401 (00017084) > [**************************************************Display + Graphics Settings**************************************************] 
01:22:27:401 (00017084) > [Settings] End of settings.
01:22:27:404 (00017084) > [NxApp] Finished enforcing display settings
01:22:27:417 (00014608) > [NxSwapChainImpl] Swapchain native backbuffer (windows) resolution: 1920x1080
01:22:27:417 (00017084) > [Settings] New display settings are:
01:22:27:417 (00017084) > [**************************************************Display + Graphics Settings**************************************************] 
01:22:27:417 (00017084) > [Settings] DirectX Version: 12
01:22:27:417 (00017084) > [Settings] Window mode: Fullscreen
01:22:27:417 (00017084) > [Settings] Fullscreen display mode:
01:22:27:417 (00017084) > [Settings] 	Displaying on monitor: 0
01:22:27:417 (00017084) > [Settings] 	Resolution: 1920x1080
01:22:27:417 (00017084) > [Settings] 	HDR: Off
01:22:27:417 (00017084) > [Settings] 	OS reported Refresh rate: 60
01:22:27:417 (00017084) > [Settings] 	VSync: On
01:22:27:417 (00017084) > [Settings] 	Reflex: Low Latency
01:22:27:417 (00017084) > [Settings] 	Frame generation: None
01:22:27:417 (00017084) > [Settings] 	Resolution modifier 1.000000
01:22:27:417 (00017084) > [Settings] 	Dynamic resolution FPS target: 30
01:22:27:417 (00017084) > [Settings] Anti aliasing: TAA

01:22:27:417 (00017084) > [Settings] Upscale method: FSR

01:22:27:417 (00017084) > [Settings] Upscale quality: Quality

01:22:27:417 (00017084) > [Settings] Upscale sharpen value: 0.000000

01:22:27:417 (00017084) > [Settings] Graphics Options:
01:22:27:417 (00017084) > [Settings] 	Texture Quality: Low
01:22:27:417 (00017084) > [Settings] 	Texture Filtering: Trilinear
01:22:27:417 (00017084) > [Settings] 	Shadow Quality: Low
01:22:27:417 (00017084) > [Settings] 	Depth of Field: Medium
01:22:27:417 (00017084) > [Settings] 	Level of Detail: Low
01:22:27:417 (00017084) > [Settings] 	Cinematic LOD: Performance
01:22:27:417 (00017084) > [Settings] 	Terrain Quality: Low
01:22:27:417 (00017084) > [Settings] 	Water Quality: Low
01:22:27:417 (00017084) > [Settings] 	Clouds Quality: Low
01:22:27:417 (00017084) > [Settings] 	Crowd Detail: Low
01:22:27:417 (00017084) > [Settings] 	Hair Quality: Low
01:22:27:417 (00017084) > [Settings] 	Ambient Occlusion: SSAO
01:22:27:418 (00017084) > [Settings] 	Screen Space Reflections: Off
01:22:27:418 (00017084) > [Settings] 	Translucency Quality: Default

01:22:27:418 (00017084) > [Settings] 	Bloom: On
01:22:27:418 (00017084) > [Settings] 	Vignette: On
01:22:27:418 (00017084) > [Settings] 	Chromatic Aberration: On
01:22:27:418 (00017084) > [Settings] 	Motion Blur: 1.000000
01:22:27:418 (00017084) > [Settings] 	FOV Correction: 1.000000
01:22:27:418 (00017084) > [Settings] 	Film Grain Strength: 1.000000
01:22:27:418 (00017084) > [Settings] 	Sharpness: 0.500000
01:22:27:418 (00017084) > [Settings] 	Lens Flares: On
01:22:27:418 (00017084) > [Settings] 	Screen Effects: On
01:22:27:418 (00017084) > [Settings] 	Parallax Occlusion: Off
01:22:27:418 (00017084) > [Settings] 	Screen Space Shadows: Off
01:22:27:418 (00017084) > [**************************************************Display + Graphics Settings**************************************************] 
01:22:27:418 (00017084) > [Settings] End of settings.
01:22:27:421 (00017084) > [NxApp] Finished enforcing display settings
01:22:27:434 (00014608) > [NxSwapChainImpl] Swapchain native backbuffer (windows) resolution: 1920x1080
01:22:27:434 (00017084) > [Settings] New display settings are:
01:22:27:434 (00017084) > [**************************************************Display + Graphics Settings**************************************************] 
01:22:27:434 (00017084) > [Settings] DirectX Version: 12
01:22:27:434 (00017084) > [Settings] Window mode: Fullscreen
01:22:27:434 (00017084) > [Settings] Fullscreen display mode:
01:22:27:434 (00017084) > [Settings] 	Displaying on monitor: 0
01:22:27:434 (00017084) > [Settings] 	Resolution: 1920x1080
01:22:27:434 (00017084) > [Settings] 	HDR: Off
01:22:27:434 (00017084) > [Settings] 	OS reported Refresh rate: 60
01:22:27:434 (00017084) > [Settings] 	VSync: On
01:22:27:434 (00017084) > [Settings] 	Reflex: Low Latency
01:22:27:434 (00017084) > [Settings] 	Frame generation: None
01:22:27:434 (00017084) > [Settings] 	Resolution modifier 1.000000
01:22:27:434 (00017084) > [Settings] 	Dynamic resolution FPS target: 30
01:22:27:434 (00017084) > [Settings] Anti aliasing: TAA

01:22:27:434 (00017084) > [Settings] Upscale method: FSR

01:22:27:434 (00017084) > [Settings] Upscale quality: Quality

01:22:27:434 (00017084) > [Settings] Upscale sharpen value: 0.000000

01:22:27:434 (00017084) > [Settings] Graphics Options:
01:22:27:434 (00017084) > [Settings] 	Texture Quality: Low
01:22:27:434 (00017084) > [Settings] 	Texture Filtering: Trilinear
01:22:27:434 (00017084) > [Settings] 	Shadow Quality: Low
01:22:27:434 (00017084) > [Settings] 	Depth of Field: Medium
01:22:27:434 (00017084) > [Settings] 	Level of Detail: Low
01:22:27:434 (00017084) > [Settings] 	Cinematic LOD: Performance
01:22:27:434 (00017084) > [Settings] 	Terrain Quality: Low
01:22:27:434 (00017084) > [Settings] 	Water Quality: Low
01:22:27:434 (00017084) > [Settings] 	Clouds Quality: Low
01:22:27:434 (00017084) > [Settings] 	Crowd Detail: Low
01:22:27:434 (00017084) > [Settings] 	Hair Quality: Low
01:22:27:434 (00017084) > [Settings] 	Ambient Occlusion: SSAO
01:22:27:434 (00017084) > [Settings] 	Screen Space Reflections: Off
01:22:27:434 (00017084) > [Settings] 	Translucency Quality: Default

01:22:27:434 (00017084) > [Settings] 	Bloom: On
01:22:27:434 (00017084) > [Settings] 	Vignette: On
01:22:27:434 (00017084) > [Settings] 	Chromatic Aberration: On
01:22:27:434 (00017084) > [Settings] 	Motion Blur: 1.000000
01:22:27:434 (00017084) > [Settings] 	FOV Correction: 1.000000
01:22:27:434 (00017084) > [Settings] 	Film Grain Strength: 1.000000
01:22:27:434 (00017084) > [Settings] 	Sharpness: 0.500000
01:22:27:434 (00017084) > [Settings] 	Lens Flares: On
01:22:27:434 (00017084) > [Settings] 	Screen Effects: On
01:22:27:434 (00017084) > [Settings] 	Parallax Occlusion: Off
01:22:27:434 (00017084) > [Settings] 	Screen Space Shadows: Off
01:22:27:434 (00017084) > [**************************************************Display + Graphics Settings**************************************************] 
01:22:27:434 (00017084) > [Settings] End of settings.
01:22:27:437 (00017084) > [NxApp] Finished enforcing display settings
01:22:27:450 (00014608) > [NxSwapChainImpl] Swapchain native backbuffer (windows) resolution: 1920x1080
01:22:27:451 (00017084) > [Settings] New display settings are:
01:22:27:451 (00017084) > [**************************************************Display + Graphics Settings**************************************************] 
01:22:27:451 (00017084) > [Settings] DirectX Version: 12
01:22:27:451 (00017084) > [Settings] Window mode: Fullscreen
01:22:27:451 (00017084) > [Settings] Fullscreen display mode:
01:22:27:451 (00017084) > [Settings] 	Displaying on monitor: 0
01:22:27:451 (00017084) > [Settings] 	Resolution: 1920x1080
01:22:27:451 (00017084) > [Settings] 	HDR: Off
01:22:27:451 (00017084) > [Settings] 	OS reported Refresh rate: 60
01:22:27:451 (00017084) > [Settings] 	VSync: On
01:22:27:451 (00017084) > [Settings] 	Reflex: Low Latency
01:22:27:451 (00017084) > [Settings] 	Frame generation: None
01:22:27:451 (00017084) > [Settings] 	Resolution modifier 1.000000
01:22:27:451 (00017084) > [Settings] 	Dynamic resolution FPS target: 30
01:22:27:451 (00017084) > [Settings] Anti aliasing: TAA

01:22:27:451 (00017084) > [Settings] Upscale method: FSR

01:22:27:451 (00017084) > [Settings] Upscale quality: Quality

01:22:27:451 (00017084) > [Settings] Upscale sharpen value: 0.000000

01:22:27:451 (00017084) > [Settings] Graphics Options:
01:22:27:451 (00017084) > [Settings] 	Texture Quality: Low
01:22:27:451 (00017084) > [Settings] 	Texture Filtering: Trilinear
01:22:27:451 (00017084) > [Settings] 	Shadow Quality: Low
01:22:27:451 (00017084) > [Settings] 	Depth of Field: Medium
01:22:27:451 (00017084) > [Settings] 	Level of Detail: Low
01:22:27:451 (00017084) > [Settings] 	Cinematic LOD: Performance
01:22:27:451 (00017084) > [Settings] 	Terrain Quality: Low
01:22:27:451 (00017084) > [Settings] 	Water Quality: Low
01:22:27:451 (00017084) > [Settings] 	Clouds Quality: Low
01:22:27:451 (00017084) > [Settings] 	Crowd Detail: Low
01:22:27:451 (00017084) > [Settings] 	Hair Quality: Low
01:22:27:451 (00017084) > [Settings] 	Ambient Occlusion: SSAO
01:22:27:451 (00017084) > [Settings] 	Screen Space Reflections: Off
01:22:27:451 (00017084) > [Settings] 	Translucency Quality: Default

01:22:27:451 (00017084) > [Settings] 	Bloom: On
01:22:27:451 (00017084) > [Settings] 	Vignette: On
01:22:27:451 (00017084) > [Settings] 	Chromatic Aberration: On
01:22:27:451 (00017084) > [Settings] 	Motion Blur: 1.000000
01:22:27:451 (00017084) > [Settings] 	FOV Correction: 1.000000
01:22:27:451 (00017084) > [Settings] 	Film Grain Strength: 1.000000
01:22:27:451 (00017084) > [Settings] 	Sharpness: 0.500000
01:22:27:451 (00017084) > [Settings] 	Lens Flares: On
01:22:27:451 (00017084) > [Settings] 	Screen Effects: On
01:22:27:451 (00017084) > [Settings] 	Parallax Occlusion: Off
01:22:27:451 (00017084) > [Settings] 	Screen Space Shadows: Off
01:22:27:451 (00017084) > [**************************************************Display + Graphics Settings**************************************************] 
01:22:27:451 (00017084) > [Settings] End of settings.
01:22:27:454 (00017084) > [NxApp] Finished enforcing display settings
01:22:27:467 (00014608) > [NxSwapChainImpl] Swapchain native backbuffer (windows) resolution: 1920x1080
01:22:27:467 (00017084) > [Settings] New display settings are:
01:22:27:467 (00017084) > [**************************************************Display + Graphics Settings**************************************************] 
01:22:27:467 (00017084) > [Settings] DirectX Version: 12
01:22:27:467 (00017084) > [Settings] Window mode: Fullscreen
01:22:27:467 (00017084) > [Settings] Fullscreen display mode:
01:22:27:467 (00017084) > [Settings] 	Displaying on monitor: 0
01:22:27:467 (00017084) > [Settings] 	Resolution: 1920x1080
01:22:27:467 (00017084) > [Settings] 	HDR: Off
01:22:27:467 (00017084) > [Settings] 	OS reported Refresh rate: 60
01:22:27:467 (00017084) > [Settings] 	VSync: On
01:22:27:467 (00017084) > [Settings] 	Reflex: Low Latency
01:22:27:467 (00017084) > [Settings] 	Frame generation: None
01:22:27:467 (00017084) > [Settings] 	Resolution modifier 1.000000
01:22:27:467 (00017084) > [Settings] 	Dynamic resolution FPS target: 30
01:22:27:467 (00017084) > [Settings] Anti aliasing: TAA

01:22:27:467 (00017084) > [Settings] Upscale method: FSR

01:22:27:467 (00017084) > [Settings] Upscale quality: Quality

01:22:27:467 (00017084) > [Settings] Upscale sharpen value: 0.000000

01:22:27:467 (00017084) > [Settings] Graphics Options:
01:22:27:467 (00017084) > [Settings] 	Texture Quality: Low
01:22:27:467 (00017084) > [Settings] 	Texture Filtering: Trilinear
01:22:27:467 (00017084) > [Settings] 	Shadow Quality: Low
01:22:27:467 (00017084) > [Settings] 	Depth of Field: Medium
01:22:27:467 (00017084) > [Settings] 	Level of Detail: Low
01:22:27:467 (00017084) > [Settings] 	Cinematic LOD: Performance
01:22:27:467 (00017084) > [Settings] 	Terrain Quality: Low
01:22:27:467 (00017084) > [Settings] 	Water Quality: Low
01:22:27:467 (00017084) > [Settings] 	Clouds Quality: Low
01:22:27:467 (00017084) > [Settings] 	Crowd Detail: Low
01:22:27:467 (00017084) > [Settings] 	Hair Quality: Low
01:22:27:467 (00017084) > [Settings] 	Ambient Occlusion: SSAO
01:22:27:467 (00017084) > [Settings] 	Screen Space Reflections: Off
01:22:27:467 (00017084) > [Settings] 	Translucency Quality: Default

01:22:27:467 (00017084) > [Settings] 	Bloom: On
01:22:27:467 (00017084) > [Settings] 	Vignette: On
01:22:27:467 (00017084) > [Settings] 	Chromatic Aberration: On
01:22:27:467 (00017084) > [Settings] 	Motion Blur: 1.000000
01:22:27:467 (00017084) > [Settings] 	FOV Correction: 1.000000
01:22:27:467 (00017084) > [Settings] 	Film Grain Strength: 1.000000
01:22:27:467 (00017084) > [Settings] 	Sharpness: 0.500000
01:22:27:467 (00017084) > [Settings] 	Lens Flares: On
01:22:27:467 (00017084) > [Settings] 	Screen Effects: On
01:22:27:467 (00017084) > [Settings] 	Parallax Occlusion: Off
01:22:27:467 (00017084) > [Settings] 	Screen Space Shadows: Off
01:22:27:467 (00017084) > [**************************************************Display + Graphics Settings**************************************************] 
01:22:27:468 (00017084) > [Settings] End of settings.
01:22:27:471 (00017084) > [NxApp] Finished enforcing display settings
01:22:27:483 (00014608) > [NxSwapChainImpl] Swapchain native backbuffer (windows) resolution: 1920x1080
01:22:27:483 (00017084) > [Settings] New display settings are:
01:22:27:483 (00017084) > [**************************************************Display + Graphics Settings**************************************************] 
01:22:27:483 (00017084) > [Settings] DirectX Version: 12
01:22:27:483 (00017084) > [Settings] Window mode: Fullscreen
01:22:27:483 (00017084) > [Settings] Fullscreen display mode:
01:22:27:483 (00017084) > [Settings] 	Displaying on monitor: 0
01:22:27:484 (00017084) > [Settings] 	Resolution: 1920x1080
01:22:27:484 (00017084) > [Settings] 	HDR: Off
01:22:27:484 (00017084) > [Settings] 	OS reported Refresh rate: 60
01:22:27:484 (00017084) > [Settings] 	VSync: On
01:22:27:484 (00017084) > [Settings] 	Reflex: Low Latency
01:22:27:484 (00017084) > [Settings] 	Frame generation: None
01:22:27:484 (00017084) > [Settings] 	Resolution modifier 1.000000
01:22:27:484 (00017084) > [Settings] 	Dynamic resolution FPS target: 30
01:22:27:484 (00017084) > [Settings] Anti aliasing: TAA

01:22:27:484 (00017084) > [Settings] Upscale method: FSR

01:22:27:484 (00017084) > [Settings] Upscale quality: Quality

01:22:27:484 (00017084) > [Settings] Upscale sharpen value: 0.000000

01:22:27:484 (00017084) > [Settings] Graphics Options:
01:22:27:484 (00017084) > [Settings] 	Texture Quality: Low
01:22:27:484 (00017084) > [Settings] 	Texture Filtering: Trilinear
01:22:27:484 (00017084) > [Settings] 	Shadow Quality: Low
01:22:27:484 (00017084) > [Settings] 	Depth of Field: Medium
01:22:27:484 (00017084) > [Settings] 	Level of Detail: Low
01:22:27:484 (00017084) > [Settings] 	Cinematic LOD: Performance
01:22:27:484 (00017084) > [Settings] 	Terrain Quality: Low
01:22:27:484 (00017084) > [Settings] 	Water Quality: Low
01:22:27:484 (00017084) > [Settings] 	Clouds Quality: Low
01:22:27:484 (00017084) > [Settings] 	Crowd Detail: Low
01:22:27:484 (00017084) > [Settings] 	Hair Quality: Low
01:22:27:484 (00017084) > [Settings] 	Ambient Occlusion: SSAO
01:22:27:484 (00017084) > [Settings] 	Screen Space Reflections: Off
01:22:27:484 (00017084) > [Settings] 	Translucency Quality: Default

01:22:27:484 (00017084) > [Settings] 	Bloom: On
01:22:27:484 (00017084) > [Settings] 	Vignette: On
01:22:27:484 (00017084) > [Settings] 	Chromatic Aberration: On
01:22:27:484 (00017084) > [Settings] 	Motion Blur: 1.000000
01:22:27:484 (00017084) > [Settings] 	FOV Correction: 1.000000
01:22:27:484 (00017084) > [Settings] 	Film Grain Strength: 1.000000
01:22:27:484 (00017084) > [Settings] 	Sharpness: 0.500000
01:22:27:484 (00017084) > [Settings] 	Lens Flares: On
01:22:27:484 (00017084) > [Settings] 	Screen Effects: On
01:22:27:484 (00017084) > [Settings] 	Parallax Occlusion: Off
01:22:27:484 (00017084) > [Settings] 	Screen Space Shadows: Off
01:22:27:484 (00017084) > [**************************************************Display + Graphics Settings**************************************************] 
01:22:27:484 (00017084) > [Settings] End of settings.
01:22:27:488 (00017084) > [NxApp] Finished enforcing display settings
01:22:27:500 (00014608) > [NxSwapChainImpl] Swapchain native backbuffer (windows) resolution: 1920x1080
01:22:27:500 (00017084) > [Settings] New display settings are:
01:22:27:500 (00017084) > [**************************************************Display + Graphics Settings**************************************************] 
01:22:27:500 (00017084) > [Settings] DirectX Version: 12
01:22:27:500 (00017084) > [Settings] Window mode: Fullscreen
01:22:27:500 (00017084) > [Settings] Fullscreen display mode:
01:22:27:500 (00017084) > [Settings] 	Displaying on monitor: 0
01:22:27:500 (00017084) > [Settings] 	Resolution: 1920x1080
01:22:27:500 (00017084) > [Settings] 	HDR: Off
01:22:27:500 (00017084) > [Settings] 	OS reported Refresh rate: 60
01:22:27:500 (00017084) > [Settings] 	VSync: On
01:22:27:500 (00017084) > [Settings] 	Reflex: Low Latency
01:22:27:500 (00017084) > [Settings] 	Frame generation: None
01:22:27:500 (00017084) > [Settings] 	Resolution modifier 1.000000
01:22:27:500 (00017084) > [Settings] 	Dynamic resolution FPS target: 30
01:22:27:500 (00017084) > [Settings] Anti aliasing: TAA

01:22:27:500 (00017084) > [Settings] Upscale method: FSR

01:22:27:500 (00017084) > [Settings] Upscale quality: Quality

01:22:27:500 (00017084) > [Settings] Upscale sharpen value: 0.000000

01:22:27:500 (00017084) > [Settings] Graphics Options:
01:22:27:500 (00017084) > [Settings] 	Texture Quality: Low
01:22:27:500 (00017084) > [Settings] 	Texture Filtering: Trilinear
01:22:27:500 (00017084) > [Settings] 	Shadow Quality: Low
01:22:27:500 (00017084) > [Settings] 	Depth of Field: Medium
01:22:27:500 (00017084) > [Settings] 	Level of Detail: Low
01:22:27:500 (00017084) > [Settings] 	Cinematic LOD: Performance
01:22:27:500 (00017084) > [Settings] 	Terrain Quality: Low
01:22:27:500 (00017084) > [Settings] 	Water Quality: Low
01:22:27:500 (00017084) > [Settings] 	Clouds Quality: Low
01:22:27:501 (00017084) > [Settings] 	Crowd Detail: Low
01:22:27:501 (00017084) > [Settings] 	Hair Quality: Low
01:22:27:501 (00017084) > [Settings] 	Ambient Occlusion: SSAO
01:22:27:501 (00017084) > [Settings] 	Screen Space Reflections: Off
01:22:27:501 (00017084) > [Settings] 	Translucency Quality: Default

01:22:27:501 (00017084) > [Settings] 	Bloom: On
01:22:27:501 (00017084) > [Settings] 	Vignette: On
01:22:27:501 (00017084) > [Settings] 	Chromatic Aberration: On
01:22:27:501 (00017084) > [Settings] 	Motion Blur: 1.000000
01:22:27:501 (00017084) > [Settings] 	FOV Correction: 1.000000
01:22:27:501 (00017084) > [Settings] 	Film Grain Strength: 1.000000
01:22:27:501 (00017084) > [Settings] 	Sharpness: 0.500000
01:22:27:501 (00017084) > [Settings] 	Lens Flares: On
01:22:27:501 (00017084) > [Settings] 	Screen Effects: On
01:22:27:501 (00017084) > [Settings] 	Parallax Occlusion: Off
01:22:27:501 (00017084) > [Settings] 	Screen Space Shadows: Off
01:22:27:501 (00017084) > [**************************************************Display + Graphics Settings**************************************************] 
01:22:27:501 (00017084) > [Settings] End of settings.
01:22:27:504 (00017084) > [NxApp] Finished enforcing display settings
01:22:27:550 (00014608) > [NxSwapChainImpl] Swapchain native backbuffer (windows) resolution: 1920x1080
01:22:27:550 (00017084) > [Settings] New display settings are:
01:22:27:550 (00017084) > [**************************************************Display + Graphics Settings**************************************************] 
01:22:27:550 (00017084) > [Settings] DirectX Version: 12
01:22:27:550 (00017084) > [Settings] Window mode: Fullscreen
01:22:27:550 (00017084) > [Settings] Fullscreen display mode:
01:22:27:550 (00017084) > [Settings] 	Displaying on monitor: 0
01:22:27:550 (00017084) > [Settings] 	Resolution: 1920x1080
01:22:27:550 (00017084) > [Settings] 	HDR: Off
01:22:27:551 (00017084) > [Settings] 	OS reported Refresh rate: 60
01:22:27:551 (00017084) > [Settings] 	VSync: On
01:22:27:551 (00017084) > [Settings] 	Reflex: Low Latency
01:22:27:551 (00017084) > [Settings] 	Frame generation: None
01:22:27:551 (00017084) > [Settings] 	Resolution modifier 1.000000
01:22:27:551 (00017084) > [Settings] 	Dynamic resolution FPS target: 30
01:22:27:551 (00017084) > [Settings] Anti aliasing: TAA

01:22:27:551 (00017084) > [Settings] Upscale method: FSR

01:22:27:551 (00017084) > [Settings] Upscale quality: Quality

01:22:27:551 (00017084) > [Settings] Upscale sharpen value: 0.000000

01:22:27:551 (00017084) > [Settings] Graphics Options:
01:22:27:551 (00017084) > [Settings] 	Texture Quality: Low
01:22:27:551 (00017084) > [Settings] 	Texture Filtering: Trilinear
01:22:27:551 (00017084) > [Settings] 	Shadow Quality: Low
01:22:27:551 (00017084) > [Settings] 	Depth of Field: Medium
01:22:27:551 (00017084) > [Settings] 	Level of Detail: Low
01:22:27:551 (00017084) > [Settings] 	Cinematic LOD: Performance
01:22:27:551 (00017084) > [Settings] 	Terrain Quality: Low
01:22:27:551 (00017084) > [Settings] 	Water Quality: Low
01:22:27:551 (00017084) > [Settings] 	Clouds Quality: Low
01:22:27:551 (00017084) > [Settings] 	Crowd Detail: Low
01:22:27:551 (00017084) > [Settings] 	Hair Quality: Low
01:22:27:551 (00017084) > [Settings] 	Ambient Occlusion: SSAO
01:22:27:551 (00017084) > [Settings] 	Screen Space Reflections: Off
01:22:27:551 (00017084) > [Settings] 	Translucency Quality: Default

01:22:27:551 (00017084) > [Settings] 	Bloom: On
01:22:27:551 (00017084) > [Settings] 	Vignette: On
01:22:27:551 (00017084) > [Settings] 	Chromatic Aberration: On
01:22:27:551 (00017084) > [Settings] 	Motion Blur: 1.000000
01:22:27:551 (00017084) > [Settings] 	FOV Correction: 1.000000
01:22:27:551 (00017084) > [Settings] 	Film Grain Strength: 1.000000
01:22:27:551 (00017084) > [Settings] 	Sharpness: 0.500000
01:22:27:551 (00017084) > [Settings] 	Lens Flares: On
01:22:27:551 (00017084) > [Settings] 	Screen Effects: On
01:22:27:551 (00017084) > [Settings] 	Parallax Occlusion: Off
01:22:27:551 (00017084) > [Settings] 	Screen Space Shadows: Off
01:22:27:551 (00017084) > [**************************************************Display + Graphics Settings**************************************************] 
01:22:27:551 (00017084) > [Settings] End of settings.
01:22:27:554 (00017084) > [NxApp] Finished enforcing display settings
01:22:27:567 (00014608) > [NxSwapChainImpl] Swapchain native backbuffer (windows) resolution: 1920x1080
01:22:27:567 (00017084) > [Settings] New display settings are:
01:22:27:567 (00017084) > [**************************************************Display + Graphics Settings**************************************************] 
01:22:27:567 (00017084) > [Settings] DirectX Version: 12
01:22:27:567 (00017084) > [Settings] Window mode: Fullscreen
01:22:27:567 (00017084) > [Settings] Fullscreen display mode:
01:22:27:567 (00017084) > [Settings] 	Displaying on monitor: 0
01:22:27:567 (00017084) > [Settings] 	Resolution: 1920x1080
01:22:27:567 (00017084) > [Settings] 	HDR: Off
01:22:27:567 (00017084) > [Settings] 	OS reported Refresh rate: 60
01:22:27:567 (00017084) > [Settings] 	VSync: On
01:22:27:567 (00017084) > [Settings] 	Reflex: Low Latency
01:22:27:567 (00017084) > [Settings] 	Frame generation: None
01:22:27:567 (00017084) > [Settings] 	Resolution modifier 1.000000
01:22:27:567 (00017084) > [Settings] 	Dynamic resolution FPS target: 30
01:22:27:567 (00017084) > [Settings] Anti aliasing: TAA

01:22:27:567 (00017084) > [Settings] Upscale method: FSR

01:22:27:567 (00017084) > [Settings] Upscale quality: Quality

01:22:27:567 (00017084) > [Settings] Upscale sharpen value: 0.000000

01:22:27:567 (00017084) > [Settings] Graphics Options:
01:22:27:567 (00017084) > [Settings] 	Texture Quality: Low
01:22:27:567 (00017084) > [Settings] 	Texture Filtering: Trilinear
01:22:27:567 (00017084) > [Settings] 	Shadow Quality: Low
01:22:27:567 (00017084) > [Settings] 	Depth of Field: Medium
01:22:27:567 (00017084) > [Settings] 	Level of Detail: Low
01:22:27:567 (00017084) > [Settings] 	Cinematic LOD: Performance
01:22:27:567 (00017084) > [Settings] 	Terrain Quality: Low
01:22:27:567 (00017084) > [Settings] 	Water Quality: Low
01:22:27:567 (00017084) > [Settings] 	Clouds Quality: Low
01:22:27:567 (00017084) > [Settings] 	Crowd Detail: Low
01:22:27:567 (00017084) > [Settings] 	Hair Quality: Low
01:22:27:567 (00017084) > [Settings] 	Ambient Occlusion: SSAO
01:22:27:567 (00017084) > [Settings] 	Screen Space Reflections: Off
01:22:27:567 (00017084) > [Settings] 	Translucency Quality: Default

01:22:27:567 (00017084) > [Settings] 	Bloom: On
01:22:27:567 (00017084) > [Settings] 	Vignette: On
01:22:27:567 (00017084) > [Settings] 	Chromatic Aberration: On
01:22:27:567 (00017084) > [Settings] 	Motion Blur: 1.000000
01:22:27:567 (00017084) > [Settings] 	FOV Correction: 1.000000
01:22:27:567 (00017084) > [Settings] 	Film Grain Strength: 1.000000
01:22:27:567 (00017084) > [Settings] 	Sharpness: 0.500000
01:22:27:567 (00017084) > [Settings] 	Lens Flares: On
01:22:27:567 (00017084) > [Settings] 	Screen Effects: On
01:22:27:567 (00017084) > [Settings] 	Parallax Occlusion: Off
01:22:27:567 (00017084) > [Settings] 	Screen Space Shadows: Off
01:22:27:567 (00017084) > [**************************************************Display + Graphics Settings**************************************************] 
01:22:27:567 (00017084) > [Settings] End of settings.
01:22:27:571 (00017084) > [NxApp] Finished enforcing display settings
01:22:27:583 (00014608) > [NxSwapChainImpl] Swapchain native backbuffer (windows) resolution: 1920x1080
01:22:27:583 (00017084) > [Settings] New display settings are:
01:22:27:584 (00017084) > [**************************************************Display + Graphics Settings**************************************************] 
01:22:27:584 (00017084) > [Settings] DirectX Version: 12
01:22:27:584 (00017084) > [Settings] Window mode: Fullscreen
01:22:27:584 (00017084) > [Settings] Fullscreen display mode:
01:22:27:584 (00017084) > [Settings] 	Displaying on monitor: 0
01:22:27:584 (00017084) > [Settings] 	Resolution: 1920x1080
01:22:27:584 (00017084) > [Settings] 	HDR: Off
01:22:27:584 (00017084) > [Settings] 	OS reported Refresh rate: 60
01:22:27:584 (00017084) > [Settings] 	VSync: On
01:22:27:584 (00017084) > [Settings] 	Reflex: Low Latency
01:22:27:584 (00017084) > [Settings] 	Frame generation: None
01:22:27:584 (00017084) > [Settings] 	Resolution modifier 1.000000
01:22:27:584 (00017084) > [Settings] 	Dynamic resolution FPS target: 30
01:22:27:584 (00017084) > [Settings] Anti aliasing: TAA

01:22:27:584 (00017084) > [Settings] Upscale method: FSR

01:22:27:584 (00017084) > [Settings] Upscale quality: Quality

01:22:27:584 (00017084) > [Settings] Upscale sharpen value: 0.000000

01:22:27:584 (00017084) > [Settings] Graphics Options:
01:22:27:584 (00017084) > [Settings] 	Texture Quality: Low
01:22:27:584 (00017084) > [Settings] 	Texture Filtering: Trilinear
01:22:27:584 (00017084) > [Settings] 	Shadow Quality: Low
01:22:27:584 (00017084) > [Settings] 	Depth of Field: Medium
01:22:27:584 (00017084) > [Settings] 	Level of Detail: Low
01:22:27:584 (00017084) > [Settings] 	Cinematic LOD: Performance
01:22:27:584 (00017084) > [Settings] 	Terrain Quality: Low
01:22:27:584 (00017084) > [Settings] 	Water Quality: Low
01:22:27:584 (00017084) > [Settings] 	Clouds Quality: Low
01:22:27:584 (00017084) > [Settings] 	Crowd Detail: Low
01:22:27:584 (00017084) > [Settings] 	Hair Quality: Low
01:22:27:584 (00017084) > [Settings] 	Ambient Occlusion: SSAO
01:22:27:584 (00017084) > [Settings] 	Screen Space Reflections: Off
01:22:27:584 (00017084) > [Settings] 	Translucency Quality: Default

01:22:27:584 (00017084) > [Settings] 	Bloom: On
01:22:27:584 (00017084) > [Settings] 	Vignette: On
01:22:27:584 (00017084) > [Settings] 	Chromatic Aberration: On
01:22:27:584 (00017084) > [Settings] 	Motion Blur: 1.000000
01:22:27:584 (00017084) > [Settings] 	FOV Correction: 1.000000
01:22:27:584 (00017084) > [Settings] 	Film Grain Strength: 1.000000
01:22:27:584 (00017084) > [Settings] 	Sharpness: 0.500000
01:22:27:584 (00017084) > [Settings] 	Lens Flares: On
01:22:27:584 (00017084) > [Settings] 	Screen Effects: On
01:22:27:584 (00017084) > [Settings] 	Parallax Occlusion: Off
01:22:27:584 (00017084) > [Settings] 	Screen Space Shadows: Off
01:22:27:584 (00017084) > [**************************************************Display + Graphics Settings**************************************************] 
01:22:27:584 (00017084) > [Settings] End of settings.
01:22:27:589 (00017084) > [NxApp] Finished enforcing display settings
01:22:27:617 (00014608) > [NxSwapChainImpl] Swapchain native backbuffer (windows) resolution: 1920x1080
01:22:27:617 (00017084) > [Settings] New display settings are:
01:22:27:617 (00017084) > [**************************************************Display + Graphics Settings**************************************************] 
01:22:27:617 (00017084) > [Settings] DirectX Version: 12
01:22:27:617 (00017084) > [Settings] Window mode: Fullscreen
01:22:27:617 (00017084) > [Settings] Fullscreen display mode:
01:22:27:617 (00017084) > [Settings] 	Displaying on monitor: 0
01:22:27:617 (00017084) > [Settings] 	Resolution: 1920x1080
01:22:27:617 (00017084) > [Settings] 	HDR: Off
01:22:27:617 (00017084) > [Settings] 	OS reported Refresh rate: 60
01:22:27:617 (00017084) > [Settings] 	VSync: On
01:22:27:617 (00017084) > [Settings] 	Reflex: Low Latency
01:22:27:617 (00017084) > [Settings] 	Frame generation: None
01:22:27:617 (00017084) > [Settings] 	Resolution modifier 1.000000
01:22:27:617 (00017084) > [Settings] 	Dynamic resolution FPS target: 30
01:22:27:617 (00017084) > [Settings] Anti aliasing: TAA

01:22:27:617 (00017084) > [Settings] Upscale method: FSR

01:22:27:617 (00017084) > [Settings] Upscale quality: Quality

01:22:27:617 (00017084) > [Settings] Upscale sharpen value: 0.000000

01:22:27:617 (00017084) > [Settings] Graphics Options:
01:22:27:617 (00017084) > [Settings] 	Texture Quality: Low
01:22:27:617 (00017084) > [Settings] 	Texture Filtering: Trilinear
01:22:27:617 (00017084) > [Settings] 	Shadow Quality: Low
01:22:27:617 (00017084) > [Settings] 	Depth of Field: Medium
01:22:27:617 (00017084) > [Settings] 	Level of Detail: Low
01:22:27:617 (00017084) > [Settings] 	Cinematic LOD: Performance
01:22:27:617 (00017084) > [Settings] 	Terrain Quality: Low
01:22:27:617 (00017084) > [Settings] 	Water Quality: Low
01:22:27:617 (00017084) > [Settings] 	Clouds Quality: Low
01:22:27:618 (00017084) > [Settings] 	Crowd Detail: Low
01:22:27:618 (00017084) > [Settings] 	Hair Quality: Low
01:22:27:618 (00017084) > [Settings] 	Ambient Occlusion: SSAO
01:22:27:618 (00017084) > [Settings] 	Screen Space Reflections: Off
01:22:27:618 (00017084) > [Settings] 	Translucency Quality: Default

01:22:27:618 (00017084) > [Settings] 	Bloom: On
01:22:27:618 (00017084) > [Settings] 	Vignette: On
01:22:27:618 (00017084) > [Settings] 	Chromatic Aberration: On
01:22:27:618 (00017084) > [Settings] 	Motion Blur: 1.000000
01:22:27:618 (00017084) > [Settings] 	FOV Correction: 1.000000
01:22:27:618 (00017084) > [Settings] 	Film Grain Strength: 1.000000
01:22:27:618 (00017084) > [Settings] 	Sharpness: 0.500000
01:22:27:618 (00017084) > [Settings] 	Lens Flares: On
01:22:27:618 (00017084) > [Settings] 	Screen Effects: On
01:22:27:618 (00017084) > [Settings] 	Parallax Occlusion: Off
01:22:27:618 (00017084) > [Settings] 	Screen Space Shadows: Off
01:22:27:618 (00017084) > [**************************************************Display + Graphics Settings**************************************************] 
01:22:27:618 (00017084) > [Settings] End of settings.
01:22:27:621 (00017084) > [NxApp] Finished enforcing display settings
01:22:28:434 (00014608) > [NxSwapChainImpl] Swapchain native backbuffer (windows) resolution: 1920x1080
01:22:28:434 (00017084) > [Settings] New display settings are:
01:22:28:434 (00017084) > [**************************************************Display + Graphics Settings**************************************************] 
01:22:28:434 (00017084) > [Settings] DirectX Version: 12
01:22:28:434 (00017084) > [Settings] Window mode: Fullscreen
01:22:28:434 (00017084) > [Settings] Fullscreen display mode:
01:22:28:434 (00017084) > [Settings] 	Displaying on monitor: 0
01:22:28:434 (00017084) > [Settings] 	Resolution: 1920x1080
01:22:28:434 (00017084) > [Settings] 	HDR: Off
01:22:28:434 (00017084) > [Settings] 	OS reported Refresh rate: 60
01:22:28:434 (00017084) > [Settings] 	VSync: On
01:22:28:434 (00017084) > [Settings] 	Reflex: Low Latency
01:22:28:434 (00017084) > [Settings] 	Frame generation: None
01:22:28:434 (00017084) > [Settings] 	Resolution modifier 1.000000
01:22:28:434 (00017084) > [Settings] 	Dynamic resolution FPS target: 30
01:22:28:434 (00017084) > [Settings] Anti aliasing: TAA

01:22:28:434 (00017084) > [Settings] Upscale method: FSR

01:22:28:434 (00017084) > [Settings] Upscale quality: Quality

01:22:28:434 (00017084) > [Settings] Upscale sharpen value: 0.000000

01:22:28:434 (00017084) > [Settings] Graphics Options:
01:22:28:434 (00017084) > [Settings] 	Texture Quality: Low
01:22:28:434 (00017084) > [Settings] 	Texture Filtering: Trilinear
01:22:28:434 (00017084) > [Settings] 	Shadow Quality: Low
01:22:28:434 (00017084) > [Settings] 	Depth of Field: Medium
01:22:28:434 (00017084) > [Settings] 	Level of Detail: Low
01:22:28:434 (00017084) > [Settings] 	Cinematic LOD: Performance
01:22:28:434 (00017084) > [Settings] 	Terrain Quality: Low
01:22:28:434 (00017084) > [Settings] 	Water Quality: Low
01:22:28:434 (00017084) > [Settings] 	Clouds Quality: Low
01:22:28:434 (00017084) > [Settings] 	Crowd Detail: Low
01:22:28:434 (00017084) > [Settings] 	Hair Quality: Low
01:22:28:434 (00017084) > [Settings] 	Ambient Occlusion: SSAO
01:22:28:434 (00017084) > [Settings] 	Screen Space Reflections: Off
01:22:28:434 (00017084) > [Settings] 	Translucency Quality: Default

01:22:28:434 (00017084) > [Settings] 	Bloom: On
01:22:28:434 (00017084) > [Settings] 	Vignette: On
01:22:28:434 (00017084) > [Settings] 	Chromatic Aberration: On
01:22:28:434 (00017084) > [Settings] 	Motion Blur: 1.000000
01:22:28:434 (00017084) > [Settings] 	FOV Correction: 1.000000
01:22:28:434 (00017084) > [Settings] 	Film Grain Strength: 1.000000
01:22:28:434 (00017084) > [Settings] 	Sharpness: 0.500000
01:22:28:434 (00017084) > [Settings] 	Lens Flares: On
01:22:28:434 (00017084) > [Settings] 	Screen Effects: On
01:22:28:434 (00017084) > [Settings] 	Parallax Occlusion: Off
01:22:28:434 (00017084) > [Settings] 	Screen Space Shadows: Off
01:22:28:434 (00017084) > [**************************************************Display + Graphics Settings**************************************************] 
01:22:28:434 (00017084) > [Settings] End of settings.
01:22:28:438 (00017084) > [NxApp] Finished enforcing display settings
01:22:28:450 (00014608) > [NxSwapChainImpl] Swapchain native backbuffer (windows) resolution: 1920x1080
01:22:28:450 (00017084) > [Settings] New display settings are:
01:22:28:450 (00017084) > [**************************************************Display + Graphics Settings**************************************************] 
01:22:28:450 (00017084) > [Settings] DirectX Version: 12
01:22:28:450 (00017084) > [Settings] Window mode: Fullscreen
01:22:28:450 (00017084) > [Settings] Fullscreen display mode:
01:22:28:450 (00017084) > [Settings] 	Displaying on monitor: 0
01:22:28:450 (00017084) > [Settings] 	Resolution: 1920x1080
01:22:28:450 (00017084) > [Settings] 	HDR: Off
01:22:28:450 (00017084) > [Settings] 	OS reported Refresh rate: 60
01:22:28:450 (00017084) > [Settings] 	VSync: On
01:22:28:450 (00017084) > [Settings] 	Reflex: Low Latency
01:22:28:450 (00017084) > [Settings] 	Frame generation: None
01:22:28:450 (00017084) > [Settings] 	Resolution modifier 1.000000
01:22:28:450 (00017084) > [Settings] 	Dynamic resolution FPS target: 30
01:22:28:450 (00017084) > [Settings] Anti aliasing: TAA

01:22:28:450 (00017084) > [Settings] Upscale method: FSR

01:22:28:450 (00017084) > [Settings] Upscale quality: Quality

01:22:28:450 (00017084) > [Settings] Upscale sharpen value: 0.000000

01:22:28:450 (00017084) > [Settings] Graphics Options:
01:22:28:450 (00017084) > [Settings] 	Texture Quality: Low
01:22:28:450 (00017084) > [Settings] 	Texture Filtering: Trilinear
01:22:28:450 (00017084) > [Settings] 	Shadow Quality: Low
01:22:28:450 (00017084) > [Settings] 	Depth of Field: Medium
01:22:28:450 (00017084) > [Settings] 	Level of Detail: Low
01:22:28:450 (00017084) > [Settings] 	Cinematic LOD: Performance
01:22:28:450 (00017084) > [Settings] 	Terrain Quality: Low
01:22:28:450 (00017084) > [Settings] 	Water Quality: Low
01:22:28:450 (00017084) > [Settings] 	Clouds Quality: Low
01:22:28:450 (00017084) > [Settings] 	Crowd Detail: Low
01:22:28:450 (00017084) > [Settings] 	Hair Quality: Low
01:22:28:450 (00017084) > [Settings] 	Ambient Occlusion: SSAO
01:22:28:450 (00017084) > [Settings] 	Screen Space Reflections: Off
01:22:28:450 (00017084) > [Settings] 	Translucency Quality: Default

01:22:28:450 (00017084) > [Settings] 	Bloom: On
01:22:28:450 (00017084) > [Settings] 	Vignette: On
01:22:28:450 (00017084) > [Settings] 	Chromatic Aberration: On
01:22:28:451 (00017084) > [Settings] 	Motion Blur: 1.000000
01:22:28:451 (00017084) > [Settings] 	FOV Correction: 1.000000
01:22:28:451 (00017084) > [Settings] 	Film Grain Strength: 1.000000
01:22:28:451 (00017084) > [Settings] 	Sharpness: 0.500000
01:22:28:451 (00017084) > [Settings] 	Lens Flares: On
01:22:28:451 (00017084) > [Settings] 	Screen Effects: On
01:22:28:451 (00017084) > [Settings] 	Parallax Occlusion: Off
01:22:28:451 (00017084) > [Settings] 	Screen Space Shadows: Off
01:22:28:451 (00017084) > [**************************************************Display + Graphics Settings**************************************************] 
01:22:28:451 (00017084) > [Settings] End of settings.
01:22:28:454 (00017084) > [NxApp] Finished enforcing display settings
01:22:28:501 (00014608) > [NxSwapChainImpl] Swapchain native backbuffer (windows) resolution: 1920x1080
01:22:28:501 (00017084) > [Settings] New display settings are:
01:22:28:501 (00017084) > [**************************************************Display + Graphics Settings**************************************************] 
01:22:28:501 (00017084) > [Settings] DirectX Version: 12
01:22:28:501 (00017084) > [Settings] Window mode: Fullscreen
01:22:28:501 (00017084) > [Settings] Fullscreen display mode:
01:22:28:501 (00017084) > [Settings] 	Displaying on monitor: 0
01:22:28:501 (00017084) > [Settings] 	Resolution: 1920x1080
01:22:28:501 (00017084) > [Settings] 	HDR: Off
01:22:28:501 (00017084) > [Settings] 	OS reported Refresh rate: 60
01:22:28:501 (00017084) > [Settings] 	VSync: On
01:22:28:501 (00017084) > [Settings] 	Reflex: Low Latency
01:22:28:501 (00017084) > [Settings] 	Frame generation: None
01:22:28:501 (00017084) > [Settings] 	Resolution modifier 1.000000
01:22:28:501 (00017084) > [Settings] 	Dynamic resolution FPS target: 30
01:22:28:501 (00017084) > [Settings] Anti aliasing: TAA

01:22:28:501 (00017084) > [Settings] Upscale method: FSR

01:22:28:501 (00017084) > [Settings] Upscale quality: Quality

01:22:28:501 (00017084) > [Settings] Upscale sharpen value: 0.000000

01:22:28:501 (00017084) > [Settings] Graphics Options:
01:22:28:501 (00017084) > [Settings] 	Texture Quality: Low
01:22:28:501 (00017084) > [Settings] 	Texture Filtering: Trilinear
01:22:28:501 (00017084) > [Settings] 	Shadow Quality: Low
01:22:28:501 (00017084) > [Settings] 	Depth of Field: Medium
01:22:28:501 (00017084) > [Settings] 	Level of Detail: Low
01:22:28:501 (00017084) > [Settings] 	Cinematic LOD: Performance
01:22:28:501 (00017084) > [Settings] 	Terrain Quality: Low
01:22:28:501 (00017084) > [Settings] 	Water Quality: Low
01:22:28:501 (00017084) > [Settings] 	Clouds Quality: Low
01:22:28:501 (00017084) > [Settings] 	Crowd Detail: Low
01:22:28:501 (00017084) > [Settings] 	Hair Quality: Low
01:22:28:501 (00017084) > [Settings] 	Ambient Occlusion: SSAO
01:22:28:501 (00017084) > [Settings] 	Screen Space Reflections: Off
01:22:28:501 (00017084) > [Settings] 	Translucency Quality: Default

01:22:28:501 (00017084) > [Settings] 	Bloom: On
01:22:28:501 (00017084) > [Settings] 	Vignette: On
01:22:28:501 (00017084) > [Settings] 	Chromatic Aberration: On
01:22:28:501 (00017084) > [Settings] 	Motion Blur: 1.000000
01:22:28:501 (00017084) > [Settings] 	FOV Correction: 1.000000
01:22:28:501 (00017084) > [Settings] 	Film Grain Strength: 1.000000
01:22:28:501 (00017084) > [Settings] 	Sharpness: 0.500000
01:22:28:501 (00017084) > [Settings] 	Lens Flares: On
01:22:28:501 (00017084) > [Settings] 	Screen Effects: On
01:22:28:501 (00017084) > [Settings] 	Parallax Occlusion: Off
01:22:28:501 (00017084) > [Settings] 	Screen Space Shadows: Off
01:22:28:501 (00017084) > [**************************************************Display + Graphics Settings**************************************************] 
01:22:28:501 (00017084) > [Settings] End of settings.
01:22:28:505 (00017084) > [NxApp] Finished enforcing display settings
01:22:28:551 (00014608) > [NxSwapChainImpl] Swapchain native backbuffer (windows) resolution: 1920x1080
01:22:28:551 (00017084) > [Settings] New display settings are:
01:22:28:551 (00017084) > [**************************************************Display + Graphics Settings**************************************************] 
01:22:28:551 (00017084) > [Settings] DirectX Version: 12
01:22:28:551 (00017084) > [Settings] Window mode: Fullscreen
01:22:28:551 (00017084) > [Settings] Fullscreen display mode:
01:22:28:551 (00017084) > [Settings] 	Displaying on monitor: 0
01:22:28:551 (00017084) > [Settings] 	Resolution: 1920x1080
01:22:28:551 (00017084) > [Settings] 	HDR: Off
01:22:28:551 (00017084) > [Settings] 	OS reported Refresh rate: 60
01:22:28:551 (00017084) > [Settings] 	VSync: On
01:22:28:551 (00017084) > [Settings] 	Reflex: Low Latency
01:22:28:551 (00017084) > [Settings] 	Frame generation: None
01:22:28:551 (00017084) > [Settings] 	Resolution modifier 1.000000
01:22:28:551 (00017084) > [Settings] 	Dynamic resolution FPS target: 30
01:22:28:551 (00017084) > [Settings] Anti aliasing: TAA

01:22:28:551 (00017084) > [Settings] Upscale method: FSR

01:22:28:551 (00017084) > [Settings] Upscale quality: Quality

01:22:28:551 (00017084) > [Settings] Upscale sharpen value: 0.000000

01:22:28:551 (00017084) > [Settings] Graphics Options:
01:22:28:551 (00017084) > [Settings] 	Texture Quality: Low
01:22:28:551 (00017084) > [Settings] 	Texture Filtering: Trilinear
01:22:28:551 (00017084) > [Settings] 	Shadow Quality: Low
01:22:28:551 (00017084) > [Settings] 	Depth of Field: Medium
01:22:28:551 (00017084) > [Settings] 	Level of Detail: Low
01:22:28:551 (00017084) > [Settings] 	Cinematic LOD: Performance
01:22:28:551 (00017084) > [Settings] 	Terrain Quality: Low
01:22:28:551 (00017084) > [Settings] 	Water Quality: Low
01:22:28:551 (00017084) > [Settings] 	Clouds Quality: Low
01:22:28:551 (00017084) > [Settings] 	Crowd Detail: Low
01:22:28:551 (00017084) > [Settings] 	Hair Quality: Low
01:22:28:551 (00017084) > [Settings] 	Ambient Occlusion: SSAO
01:22:28:551 (00017084) > [Settings] 	Screen Space Reflections: Off
01:22:28:551 (00017084) > [Settings] 	Translucency Quality: Default

01:22:28:551 (00017084) > [Settings] 	Bloom: On
01:22:28:551 (00017084) > [Settings] 	Vignette: On
01:22:28:551 (00017084) > [Settings] 	Chromatic Aberration: On
01:22:28:551 (00017084) > [Settings] 	Motion Blur: 1.000000
01:22:28:551 (00017084) > [Settings] 	FOV Correction: 1.000000
01:22:28:551 (00017084) > [Settings] 	Film Grain Strength: 1.000000
01:22:28:551 (00017084) > [Settings] 	Sharpness: 0.500000
01:22:28:551 (00017084) > [Settings] 	Lens Flares: On
01:22:28:551 (00017084) > [Settings] 	Screen Effects: On
01:22:28:551 (00017084) > [Settings] 	Parallax Occlusion: Off
01:22:28:551 (00017084) > [Settings] 	Screen Space Shadows: Off
01:22:28:551 (00017084) > [**************************************************Display + Graphics Settings**************************************************] 
01:22:28:551 (00017084) > [Settings] End of settings.
01:22:28:554 (00017084) > [NxApp] Finished enforcing display settings
01:22:28:667 (00014608) > [NxSwapChainImpl] Swapchain native backbuffer (windows) resolution: 1920x1080
01:22:28:667 (00017084) > [Settings] New display settings are:
01:22:28:667 (00017084) > [**************************************************Display + Graphics Settings**************************************************] 
01:22:28:667 (00017084) > [Settings] DirectX Version: 12
01:22:28:667 (00017084) > [Settings] Window mode: Fullscreen
01:22:28:667 (00017084) > [Settings] Fullscreen display mode:
01:22:28:667 (00017084) > [Settings] 	Displaying on monitor: 0
01:22:28:667 (00017084) > [Settings] 	Resolution: 1920x1080
01:22:28:667 (00017084) > [Settings] 	HDR: Off
01:22:28:667 (00017084) > [Settings] 	OS reported Refresh rate: 60
01:22:28:667 (00017084) > [Settings] 	VSync: On
01:22:28:667 (00017084) > [Settings] 	Reflex: Low Latency
01:22:28:667 (00017084) > [Settings] 	Frame generation: None
01:22:28:667 (00017084) > [Settings] 	Resolution modifier 1.000000
01:22:28:667 (00017084) > [Settings] 	Dynamic resolution FPS target: 30
01:22:28:667 (00017084) > [Settings] Anti aliasing: TAA

01:22:28:667 (00017084) > [Settings] Upscale method: FSR

01:22:28:667 (00017084) > [Settings] Upscale quality: Quality

01:22:28:668 (00017084) > [Settings] Upscale sharpen value: 0.000000

01:22:28:668 (00017084) > [Settings] Graphics Options:
01:22:28:668 (00017084) > [Settings] 	Texture Quality: Low
01:22:28:668 (00017084) > [Settings] 	Texture Filtering: Trilinear
01:22:28:668 (00017084) > [Settings] 	Shadow Quality: Low
01:22:28:668 (00017084) > [Settings] 	Depth of Field: Medium
01:22:28:668 (00017084) > [Settings] 	Level of Detail: Low
01:22:28:668 (00017084) > [Settings] 	Cinematic LOD: Performance
01:22:28:668 (00017084) > [Settings] 	Terrain Quality: Low
01:22:28:668 (00017084) > [Settings] 	Water Quality: Low
01:22:28:668 (00017084) > [Settings] 	Clouds Quality: Low
01:22:28:668 (00017084) > [Settings] 	Crowd Detail: Low
01:22:28:668 (00017084) > [Settings] 	Hair Quality: Low
01:22:28:668 (00017084) > [Settings] 	Ambient Occlusion: SSAO
01:22:28:668 (00017084) > [Settings] 	Screen Space Reflections: Off
01:22:28:668 (00017084) > [Settings] 	Translucency Quality: Default

01:22:28:668 (00017084) > [Settings] 	Bloom: On
01:22:28:668 (00017084) > [Settings] 	Vignette: On
01:22:28:668 (00017084) > [Settings] 	Chromatic Aberration: On
01:22:28:668 (00017084) > [Settings] 	Motion Blur: 1.000000
01:22:28:668 (00017084) > [Settings] 	FOV Correction: 1.000000
01:22:28:668 (00017084) > [Settings] 	Film Grain Strength: 1.000000
01:22:28:668 (00017084) > [Settings] 	Sharpness: 0.500000
01:22:28:668 (00017084) > [Settings] 	Lens Flares: On
01:22:28:668 (00017084) > [Settings] 	Screen Effects: On
01:22:28:668 (00017084) > [Settings] 	Parallax Occlusion: Off
01:22:28:668 (00017084) > [Settings] 	Screen Space Shadows: Off
01:22:28:668 (00017084) > [**************************************************Display + Graphics Settings**************************************************] 
01:22:28:668 (00017084) > [Settings] End of settings.
01:22:28:672 (00017084) > [NxApp] Finished enforcing display settings
01:22:28:917 (00014608) > [NxSwapChainImpl] Swapchain native backbuffer (windows) resolution: 1920x1080
01:22:28:917 (00017084) > [Settings] New display settings are:
01:22:28:917 (00017084) > [**************************************************Display + Graphics Settings**************************************************] 
01:22:28:917 (00017084) > [Settings] DirectX Version: 12
01:22:28:917 (00017084) > [Settings] Window mode: Fullscreen
01:22:28:917 (00017084) > [Settings] Fullscreen display mode:
01:22:28:917 (00017084) > [Settings] 	Displaying on monitor: 0
01:22:28:917 (00017084) > [Settings] 	Resolution: 1920x1080
01:22:28:917 (00017084) > [Settings] 	HDR: Off
01:22:28:917 (00017084) > [Settings] 	OS reported Refresh rate: 60
01:22:28:917 (00017084) > [Settings] 	VSync: On
01:22:28:917 (00017084) > [Settings] 	Reflex: Low Latency
01:22:28:917 (00017084) > [Settings] 	Frame generation: None
01:22:28:917 (00017084) > [Settings] 	Resolution modifier 1.000000
01:22:28:918 (00017084) > [Settings] 	Dynamic resolution FPS target: 30
01:22:28:918 (00017084) > [Settings] Anti aliasing: TAA

01:22:28:918 (00017084) > [Settings] Upscale method: FSR

01:22:28:918 (00017084) > [Settings] Upscale quality: Quality

01:22:28:918 (00017084) > [Settings] Upscale sharpen value: 0.000000

01:22:28:918 (00017084) > [Settings] Graphics Options:
01:22:28:918 (00017084) > [Settings] 	Texture Quality: Low
01:22:28:918 (00017084) > [Settings] 	Texture Filtering: Trilinear
01:22:28:918 (00017084) > [Settings] 	Shadow Quality: Low
01:22:28:918 (00017084) > [Settings] 	Depth of Field: Medium
01:22:28:918 (00017084) > [Settings] 	Level of Detail: Low
01:22:28:918 (00017084) > [Settings] 	Cinematic LOD: Performance
01:22:28:918 (00017084) > [Settings] 	Terrain Quality: Low
01:22:28:918 (00017084) > [Settings] 	Water Quality: Low
01:22:28:918 (00017084) > [Settings] 	Clouds Quality: Low
01:22:28:918 (00017084) > [Settings] 	Crowd Detail: Low
01:22:28:918 (00017084) > [Settings] 	Hair Quality: Low
01:22:28:918 (00017084) > [Settings] 	Ambient Occlusion: SSAO
01:22:28:918 (00017084) > [Settings] 	Screen Space Reflections: Off
01:22:28:918 (00017084) > [Settings] 	Translucency Quality: Default

01:22:28:918 (00017084) > [Settings] 	Bloom: On
01:22:28:918 (00017084) > [Settings] 	Vignette: On
01:22:28:918 (00017084) > [Settings] 	Chromatic Aberration: On
01:22:28:918 (00017084) > [Settings] 	Motion Blur: 1.000000
01:22:28:918 (00017084) > [Settings] 	FOV Correction: 1.000000
01:22:28:918 (00017084) > [Settings] 	Film Grain Strength: 1.000000
01:22:28:918 (00017084) > [Settings] 	Sharpness: 0.500000
01:22:28:918 (00017084) > [Settings] 	Lens Flares: On
01:22:28:918 (00017084) > [Settings] 	Screen Effects: On
01:22:28:918 (00017084) > [Settings] 	Parallax Occlusion: Off
01:22:28:918 (00017084) > [Settings] 	Screen Space Shadows: Off
01:22:28:918 (00017084) > [**************************************************Display + Graphics Settings**************************************************] 
01:22:28:918 (00017084) > [Settings] End of settings.
01:22:28:921 (00017084) > [NxApp] Finished enforcing display settings
01:22:29:067 (00014608) > [NxSwapChainImpl] Swapchain native backbuffer (windows) resolution: 1920x1080
01:22:29:067 (00017084) > [Settings] New display settings are:
01:22:29:067 (00017084) > [**************************************************Display + Graphics Settings**************************************************] 
01:22:29:067 (00017084) > [Settings] DirectX Version: 12
01:22:29:067 (00017084) > [Settings] Window mode: Fullscreen
01:22:29:067 (00017084) > [Settings] Fullscreen display mode:
01:22:29:067 (00017084) > [Settings] 	Displaying on monitor: 0
01:22:29:067 (00017084) > [Settings] 	Resolution: 1920x1080
01:22:29:067 (00017084) > [Settings] 	HDR: Off
01:22:29:067 (00017084) > [Settings] 	OS reported Refresh rate: 60
01:22:29:067 (00017084) > [Settings] 	VSync: On
01:22:29:067 (00017084) > [Settings] 	Reflex: Low Latency
01:22:29:067 (00017084) > [Settings] 	Frame generation: None
01:22:29:067 (00017084) > [Settings] 	Resolution modifier 1.000000
01:22:29:067 (00017084) > [Settings] 	Dynamic resolution FPS target: 30
01:22:29:067 (00017084) > [Settings] Anti aliasing: TAA

01:22:29:067 (00017084) > [Settings] Upscale method: FSR

01:22:29:067 (00017084) > [Settings] Upscale quality: Quality

01:22:29:067 (00017084) > [Settings] Upscale sharpen value: 0.000000

01:22:29:067 (00017084) > [Settings] Graphics Options:
01:22:29:067 (00017084) > [Settings] 	Texture Quality: Low
01:22:29:067 (00017084) > [Settings] 	Texture Filtering: Trilinear
01:22:29:067 (00017084) > [Settings] 	Shadow Quality: Low
01:22:29:067 (00017084) > [Settings] 	Depth of Field: Medium
01:22:29:067 (00017084) > [Settings] 	Level of Detail: Low
01:22:29:067 (00017084) > [Settings] 	Cinematic LOD: Performance
01:22:29:067 (00017084) > [Settings] 	Terrain Quality: Low
01:22:29:067 (00017084) > [Settings] 	Water Quality: Low
01:22:29:067 (00017084) > [Settings] 	Clouds Quality: Low
01:22:29:067 (00017084) > [Settings] 	Crowd Detail: Low
01:22:29:067 (00017084) > [Settings] 	Hair Quality: Low
01:22:29:067 (00017084) > [Settings] 	Ambient Occlusion: SSAO
01:22:29:067 (00017084) > [Settings] 	Screen Space Reflections: Off
01:22:29:067 (00017084) > [Settings] 	Translucency Quality: Default

01:22:29:067 (00017084) > [Settings] 	Bloom: On
01:22:29:067 (00017084) > [Settings] 	Vignette: On
01:22:29:067 (00017084) > [Settings] 	Chromatic Aberration: On
01:22:29:067 (00017084) > [Settings] 	Motion Blur: 1.000000
01:22:29:067 (00017084) > [Settings] 	FOV Correction: 1.000000
01:22:29:067 (00017084) > [Settings] 	Film Grain Strength: 1.000000
01:22:29:067 (00017084) > [Settings] 	Sharpness: 0.500000
01:22:29:067 (00017084) > [Settings] 	Lens Flares: On
01:22:29:067 (00017084) > [Settings] 	Screen Effects: On
01:22:29:067 (00017084) > [Settings] 	Parallax Occlusion: Off
01:22:29:067 (00017084) > [Settings] 	Screen Space Shadows: Off
01:22:29:067 (00017084) > [**************************************************Display + Graphics Settings**************************************************] 
01:22:29:067 (00017084) > [Settings] End of settings.
01:22:29:071 (00017084) > [NxApp] Finished enforcing display settings
01:22:30:635 (00014608) > [NxSwapChainImpl] Swapchain native backbuffer (windows) resolution: 1920x1080
01:22:30:635 (00017084) > [Settings] New display settings are:
01:22:30:635 (00017084) > [**************************************************Display + Graphics Settings**************************************************] 
01:22:30:635 (00017084) > [Settings] DirectX Version: 12
01:22:30:635 (00017084) > [Settings] Window mode: Fullscreen
01:22:30:635 (00017084) > [Settings] Fullscreen display mode:
01:22:30:635 (00017084) > [Settings] 	Displaying on monitor: 0
01:22:30:635 (00017084) > [Settings] 	Resolution: 1920x1080
01:22:30:635 (00017084) > [Settings] 	HDR: Off
01:22:30:635 (00017084) > [Settings] 	OS reported Refresh rate: 60
01:22:30:635 (00017084) > [Settings] 	VSync: On
01:22:30:635 (00017084) > [Settings] 	Reflex: Low Latency
01:22:30:635 (00017084) > [Settings] 	Frame generation: None
01:22:30:635 (00017084) > [Settings] 	Resolution modifier 1.000000
01:22:30:635 (00017084) > [Settings] 	Dynamic resolution FPS target: 30
01:22:30:635 (00017084) > [Settings] Anti aliasing: TAA

01:22:30:635 (00017084) > [Settings] Upscale method: FSR

01:22:30:635 (00017084) > [Settings] Upscale quality: Quality

01:22:30:635 (00017084) > [Settings] Upscale sharpen value: 0.000000

01:22:30:635 (00017084) > [Settings] Graphics Options:
01:22:30:635 (00017084) > [Settings] 	Texture Quality: Low
01:22:30:635 (00017084) > [Settings] 	Texture Filtering: Trilinear
01:22:30:635 (00017084) > [Settings] 	Shadow Quality: Low
01:22:30:635 (00017084) > [Settings] 	Depth of Field: Medium
01:22:30:635 (00017084) > [Settings] 	Level of Detail: Low
01:22:30:635 (00017084) > [Settings] 	Cinematic LOD: Performance
01:22:30:635 (00017084) > [Settings] 	Terrain Quality: Low
01:22:30:635 (00017084) > [Settings] 	Water Quality: Low
01:22:30:635 (00017084) > [Settings] 	Clouds Quality: Low
01:22:30:635 (00017084) > [Settings] 	Crowd Detail: Low
01:22:30:635 (00017084) > [Settings] 	Hair Quality: Low
01:22:30:635 (00017084) > [Settings] 	Ambient Occlusion: SSAO
01:22:30:635 (00017084) > [Settings] 	Screen Space Reflections: Off
01:22:30:635 (00017084) > [Settings] 	Translucency Quality: Default

01:22:30:635 (00017084) > [Settings] 	Bloom: On
01:22:30:635 (00017084) > [Settings] 	Vignette: On
01:22:30:635 (00017084) > [Settings] 	Chromatic Aberration: On
01:22:30:635 (00017084) > [Settings] 	Motion Blur: 1.000000
01:22:30:635 (00017084) > [Settings] 	FOV Correction: 1.000000
01:22:30:635 (00017084) > [Settings] 	Film Grain Strength: 1.000000
01:22:30:635 (00017084) > [Settings] 	Sharpness: 0.500000
01:22:30:635 (00017084) > [Settings] 	Lens Flares: On
01:22:30:635 (00017084) > [Settings] 	Screen Effects: On
01:22:30:635 (00017084) > [Settings] 	Parallax Occlusion: Off
01:22:30:635 (00017084) > [Settings] 	Screen Space Shadows: Off
01:22:30:635 (00017084) > [**************************************************Display + Graphics Settings**************************************************] 
01:22:30:635 (00017084) > [Settings] End of settings.
01:22:30:638 (00017084) > [NxApp] Finished enforcing display settings
01:22:32:768 (00014608) > [NxSwapChainImpl] Swapchain native backbuffer (windows) resolution: 1920x1080
01:22:32:768 (00017084) > [Settings] New display settings are:
01:22:32:768 (00017084) > [**************************************************Display + Graphics Settings**************************************************] 
01:22:32:768 (00017084) > [Settings] DirectX Version: 12
01:22:32:768 (00017084) > [Settings] Window mode: Fullscreen
01:22:32:768 (00017084) > [Settings] Fullscreen display mode:
01:22:32:768 (00017084) > [Settings] 	Displaying on monitor: 0
01:22:32:768 (00017084) > [Settings] 	Resolution: 1920x1080
01:22:32:768 (00017084) > [Settings] 	HDR: Off
01:22:32:768 (00017084) > [Settings] 	OS reported Refresh rate: 60
01:22:32:768 (00017084) > [Settings] 	VSync: On
01:22:32:768 (00017084) > [Settings] 	Reflex: Low Latency
01:22:32:768 (00017084) > [Settings] 	Frame generation: None
01:22:32:768 (00017084) > [Settings] 	Resolution modifier 1.000000
01:22:32:768 (00017084) > [Settings] 	Dynamic resolution FPS target: 30
01:22:32:768 (00017084) > [Settings] Anti aliasing: TAA

01:22:32:768 (00017084) > [Settings] Upscale method: FSR

01:22:32:768 (00017084) > [Settings] Upscale quality: Quality

01:22:32:768 (00017084) > [Settings] Upscale sharpen value: 0.000000

01:22:32:768 (00017084) > [Settings] Graphics Options:
01:22:32:768 (00017084) > [Settings] 	Texture Quality: Low
01:22:32:768 (00017084) > [Settings] 	Texture Filtering: Trilinear
01:22:32:768 (00017084) > [Settings] 	Shadow Quality: Low
01:22:32:768 (00017084) > [Settings] 	Depth of Field: Medium
01:22:32:768 (00017084) > [Settings] 	Level of Detail: Low
01:22:32:768 (00017084) > [Settings] 	Cinematic LOD: Performance
01:22:32:768 (00017084) > [Settings] 	Terrain Quality: Low
01:22:32:768 (00017084) > [Settings] 	Water Quality: Low
01:22:32:768 (00017084) > [Settings] 	Clouds Quality: Low
01:22:32:768 (00017084) > [Settings] 	Crowd Detail: Low
01:22:32:768 (00017084) > [Settings] 	Hair Quality: Low
01:22:32:768 (00017084) > [Settings] 	Ambient Occlusion: SSAO
01:22:32:768 (00017084) > [Settings] 	Screen Space Reflections: Off
01:22:32:769 (00017084) > [Settings] 	Translucency Quality: Default

01:22:32:769 (00017084) > [Settings] 	Bloom: On
01:22:32:769 (00017084) > [Settings] 	Vignette: On
01:22:32:769 (00017084) > [Settings] 	Chromatic Aberration: On
01:22:32:769 (00017084) > [Settings] 	Motion Blur: 1.000000
01:22:32:769 (00017084) > [Settings] 	FOV Correction: 1.000000
01:22:32:769 (00017084) > [Settings] 	Film Grain Strength: 1.000000
01:22:32:769 (00017084) > [Settings] 	Sharpness: 0.500000
01:22:32:769 (00017084) > [Settings] 	Lens Flares: On
01:22:32:769 (00017084) > [Settings] 	Screen Effects: On
01:22:32:769 (00017084) > [Settings] 	Parallax Occlusion: Off
01:22:32:769 (00017084) > [Settings] 	Screen Space Shadows: Off
01:22:32:769 (00017084) > [**************************************************Display + Graphics Settings**************************************************] 
01:22:32:769 (00017084) > [Settings] End of settings.
01:22:32:772 (00017084) > [NxApp] Finished enforcing display settings
01:23:25:803 (00003296) > [Render] Working set: 2482MB Page file: 5057MB Video Budget: 5198MB Video Usage: 1851MB Sys Budget: 7464MB Sys Usage: 930MB Tex Usage: 384MB Tex Budget: 720MB Mesh Usage: 1MB Mesh Budget: 1730MB Demoted: 64MB fps: 59.633335
01:24:25:800 (00003296) > [Render] Working set: 2431MB Page file: 4854MB Video Budget: 5198MB Video Usage: 1803MB Sys Budget: 7464MB Sys Usage: 930MB Tex Usage: 384MB Tex Budget: 720MB Mesh Usage: 1MB Mesh Budget: 1730MB Demoted: 64MB fps: 60.000000
01:25:25:798 (00003296) > [Render] Working set: 2526MB Page file: 4901MB Video Budget: 5198MB Video Usage: 1803MB Sys Budget: 7464MB Sys Usage: 930MB Tex Usage: 384MB Tex Budget: 720MB Mesh Usage: 1MB Mesh Budget: 1730MB Demoted: 64MB fps: 60.000000
01:26:25:810 (00003296) > [Render] Working set: 3977MB Page file: 6765MB Video Budget: 5198MB Video Usage: 2378MB Sys Budget: 7464MB Sys Usage: 947MB Tex Usage: 625MB Tex Budget: 720MB Mesh Usage: 443MB Mesh Budget: 1730MB Demoted: 76MB fps: 58.216667
01:27:25:807 (00003296) > [Render] Working set: 3950MB Page file: 6554MB Video Budget: 5198MB Video Usage: 2305MB Sys Budget: 7464MB Sys Usage: 947MB Tex Usage: 625MB Tex Budget: 720MB Mesh Usage: 443MB Mesh Budget: 1730MB Demoted: 76MB fps: 60.000000
01:28:25:805 (00003296) > [Render] Working set: 4293MB Page file: 6817MB Video Budget: 5198MB Video Usage: 2306MB Sys Budget: 7464MB Sys Usage: 948MB Tex Usage: 625MB Tex Budget: 720MB Mesh Usage: 443MB Mesh Budget: 1730MB Demoted: 76MB fps: 60.000000
01:29:25:803 (00003296) > [Render] Working set: 4331MB Page file: 7031MB Video Budget: 5198MB Video Usage: 2306MB Sys Budget: 7464MB Sys Usage: 948MB Tex Usage: 625MB Tex Budget: 720MB Mesh Usage: 443MB Mesh Budget: 1730MB Demoted: 76MB fps: 60.000000
01:30:25:805 (00003296) > [Render] Working set: 4686MB Page file: 7303MB Video Budget: 5198MB Video Usage: 2307MB Sys Budget: 7464MB Sys Usage: 948MB Tex Usage: 625MB Tex Budget: 720MB Mesh Usage: 443MB Mesh Budget: 1730MB Demoted: 76MB fps: 60.000000
01:31:25:815 (00003296) > [Render] Working set: 5634MB Page file: 9575MB Video Budget: 5198MB Video Usage: 3699MB Sys Budget: 7464MB Sys Usage: 1008MB Tex Usage: 728MB Tex Budget: 720MB Mesh Usage: 1252MB Mesh Budget: 1730MB Demoted: 76MB fps: 46.716667
01:32:25:818 (00003296) > [Render] Working set: 5968MB Page file: 9606MB Video Budget: 5198MB Video Usage: 3422MB Sys Budget: 7464MB Sys Usage: 1018MB Tex Usage: 716MB Tex Budget: 720MB Mesh Usage: 1056MB Mesh Budget: 1730MB Demoted: 76MB fps: 35.866665
01:33:25:841 (00003296) > [Render] Working set: 5978MB Page file: 9595MB Video Budget: 5198MB Video Usage: 3441MB Sys Budget: 7464MB Sys Usage: 1021MB Tex Usage: 726MB Tex Budget: 720MB Mesh Usage: 1143MB Mesh Budget: 1730MB Demoted: 76MB fps: 37.266666
01:34:25:827 (00003296) > [Render] Working set: 5956MB Page file: 9954MB Video Budget: 5198MB Video Usage: 3817MB Sys Budget: 7464MB Sys Usage: 1023MB Tex Usage: 723MB Tex Budget: 720MB Mesh Usage: 1460MB Mesh Budget: 1730MB Demoted: 76MB fps: 33.316666
01:35:25:957 (00003296) > [Render] Working set: 5973MB Page file: 9887MB Video Budget: 5198MB Video Usage: 3742MB Sys Budget: 7464MB Sys Usage: 1023MB Tex Usage: 728MB Tex Budget: 720MB Mesh Usage: 1461MB Mesh Budget: 1730MB Demoted: 76MB fps: 32.583332
01:36:25:957 (00003296) > [Render] Working set: 5793MB Page file: 9917MB Video Budget: 5198MB Video Usage: 3736MB Sys Budget: 7464MB Sys Usage: 1025MB Tex Usage: 728MB Tex Budget: 720MB Mesh Usage: 1461MB Mesh Budget: 1730MB Demoted: 76MB fps: 32.116665
01:37:25:980 (00003296) > [Render] Working set: 5830MB Page file: 9962MB Video Budget: 5198MB Video Usage: 3761MB Sys Budget: 7464MB Sys Usage: 1025MB Tex Usage: 728MB Tex Budget: 720MB Mesh Usage: 1461MB Mesh Budget: 1730MB Demoted: 76MB fps: 28.283333
01:38:25:995 (00003296) > [Render] Working set: 5943MB Page file: 10161MB Video Budget: 5198MB Video Usage: 3832MB Sys Budget: 7464MB Sys Usage: 1026MB Tex Usage: 728MB Tex Budget: 720MB Mesh Usage: 1464MB Mesh Budget: 1730MB Demoted: 76MB fps: 26.716667
01:38:31:464 (00014608) > [NxSwapChainImpl] Swapchain native backbuffer (windows) resolution: 1920x1080
01:38:31:464 (00017084) > [Settings] New display settings are:
01:38:31:464 (00017084) > [**************************************************Display + Graphics Settings**************************************************] 
01:38:31:464 (00017084) > [Settings] DirectX Version: 12
01:38:31:464 (00017084) > [Settings] Window mode: Fullscreen
01:38:31:464 (00017084) > [Settings] Fullscreen display mode:
01:38:31:464 (00017084) > [Settings] 	Displaying on monitor: 0
01:38:31:464 (00017084) > [Settings] 	Resolution: 1920x1080
01:38:31:464 (00017084) > [Settings] 	HDR: Off
01:38:31:464 (00017084) > [Settings] 	OS reported Refresh rate: 60
01:38:31:464 (00017084) > [Settings] 	VSync: On
01:38:31:464 (00017084) > [Settings] 	Reflex: Low Latency
01:38:31:464 (00017084) > [Settings] 	Frame generation: None
01:38:31:464 (00017084) > [Settings] 	Resolution modifier 1.000000
01:38:31:464 (00017084) > [Settings] 	Dynamic resolution FPS target: 30
01:38:31:464 (00017084) > [Settings] Anti aliasing: TAA

01:38:31:464 (00017084) > [Settings] Upscale method: FSR

01:38:31:464 (00017084) > [Settings] Upscale quality: Quality

01:38:31:464 (00017084) > [Settings] Upscale sharpen value: 0.000000

01:38:31:464 (00017084) > [Settings] Graphics Options:
01:38:31:464 (00017084) > [Settings] 	Texture Quality: Low
01:38:31:464 (00017084) > [Settings] 	Texture Filtering: Trilinear
01:38:31:464 (00017084) > [Settings] 	Shadow Quality: Low
01:38:31:464 (00017084) > [Settings] 	Depth of Field: Medium
01:38:31:464 (00017084) > [Settings] 	Level of Detail: Low
01:38:31:464 (00017084) > [Settings] 	Cinematic LOD: Performance
01:38:31:464 (00017084) > [Settings] 	Terrain Quality: Low
01:38:31:464 (00017084) > [Settings] 	Water Quality: Low
01:38:31:464 (00017084) > [Settings] 	Clouds Quality: Low
01:38:31:464 (00017084) > [Settings] 	Crowd Detail: Low
01:38:31:464 (00017084) > [Settings] 	Hair Quality: Low
01:38:31:464 (00017084) > [Settings] 	Ambient Occlusion: Off
01:38:31:464 (00017084) > [Settings] 	Screen Space Reflections: Off
01:38:31:464 (00017084) > [Settings] 	Translucency Quality: Default

01:38:31:464 (00017084) > [Settings] 	Bloom: On
01:38:31:464 (00017084) > [Settings] 	Vignette: On
01:38:31:464 (00017084) > [Settings] 	Chromatic Aberration: On
01:38:31:464 (00017084) > [Settings] 	Motion Blur: 1.000000
01:38:31:464 (00017084) > [Settings] 	FOV Correction: 1.000000
01:38:31:464 (00017084) > [Settings] 	Film Grain Strength: 1.000000
01:38:31:464 (00017084) > [Settings] 	Sharpness: 0.500000
01:38:31:464 (00017084) > [Settings] 	Lens Flares: On
01:38:31:464 (00017084) > [Settings] 	Screen Effects: On
01:38:31:464 (00017084) > [Settings] 	Parallax Occlusion: Off
01:38:31:464 (00017084) > [Settings] 	Screen Space Shadows: Off
01:38:31:464 (00017084) > [**************************************************Display + Graphics Settings**************************************************] 
01:38:31:465 (00017084) > [Settings] End of settings.
01:38:31:469 (00017084) > [NxApp] Finished enforcing display settings
01:38:34:891 (00014608) > [NxSwapChainImpl] Swapchain native backbuffer (windows) resolution: 1920x1080
01:38:34:891 (00017084) > [Settings] New display settings are:
01:38:34:891 (00017084) > [**************************************************Display + Graphics Settings**************************************************] 
01:38:34:891 (00017084) > [Settings] DirectX Version: 12
01:38:34:891 (00017084) > [Settings] Window mode: Fullscreen
01:38:34:891 (00017084) > [Settings] Fullscreen display mode:
01:38:34:891 (00017084) > [Settings] 	Displaying on monitor: 0
01:38:34:891 (00017084) > [Settings] 	Resolution: 1920x1080
01:38:34:891 (00017084) > [Settings] 	HDR: Off
01:38:34:891 (00017084) > [Settings] 	OS reported Refresh rate: 60
01:38:34:891 (00017084) > [Settings] 	VSync: On
01:38:34:891 (00017084) > [Settings] 	Reflex: Low Latency
01:38:34:891 (00017084) > [Settings] 	Frame generation: None
01:38:34:891 (00017084) > [Settings] 	Resolution modifier 1.000000
01:38:34:891 (00017084) > [Settings] 	Dynamic resolution FPS target: 30
01:38:34:891 (00017084) > [Settings] Anti aliasing: TAA

01:38:34:891 (00017084) > [Settings] Upscale method: FSR

01:38:34:891 (00017084) > [Settings] Upscale quality: Quality

01:38:34:891 (00017084) > [Settings] Upscale sharpen value: 0.000000

01:38:34:891 (00017084) > [Settings] Graphics Options:
01:38:34:891 (00017084) > [Settings] 	Texture Quality: Low
01:38:34:891 (00017084) > [Settings] 	Texture Filtering: Trilinear
01:38:34:891 (00017084) > [Settings] 	Shadow Quality: Low
01:38:34:891 (00017084) > [Settings] 	Depth of Field: Medium
01:38:34:891 (00017084) > [Settings] 	Level of Detail: Low
01:38:34:891 (00017084) > [Settings] 	Cinematic LOD: Performance
01:38:34:891 (00017084) > [Settings] 	Terrain Quality: Low
01:38:34:891 (00017084) > [Settings] 	Water Quality: Low
01:38:34:891 (00017084) > [Settings] 	Clouds Quality: Low
01:38:34:892 (00017084) > [Settings] 	Crowd Detail: Low
01:38:34:892 (00017084) > [Settings] 	Hair Quality: Low
01:38:34:892 (00017084) > [Settings] 	Ambient Occlusion: SSAO
01:38:34:892 (00017084) > [Settings] 	Screen Space Reflections: Off
01:38:34:892 (00017084) > [Settings] 	Translucency Quality: Default

01:38:34:892 (00017084) > [Settings] 	Bloom: On
01:38:34:892 (00017084) > [Settings] 	Vignette: On
01:38:34:892 (00017084) > [Settings] 	Chromatic Aberration: On
01:38:34:892 (00017084) > [Settings] 	Motion Blur: 1.000000
01:38:34:892 (00017084) > [Settings] 	FOV Correction: 1.000000
01:38:34:892 (00017084) > [Settings] 	Film Grain Strength: 1.000000
01:38:34:892 (00017084) > [Settings] 	Sharpness: 0.500000
01:38:34:892 (00017084) > [Settings] 	Lens Flares: On
01:38:34:892 (00017084) > [Settings] 	Screen Effects: On
01:38:34:892 (00017084) > [Settings] 	Parallax Occlusion: Off
01:38:34:892 (00017084) > [Settings] 	Screen Space Shadows: Off
01:38:34:892 (00017084) > [**************************************************Display + Graphics Settings**************************************************] 
01:38:34:892 (00017084) > [Settings] End of settings.
01:38:34:897 (00017084) > [NxApp] Finished enforcing display settings
01:38:38:410 (00014608) > [NxSwapChainImpl] Swapchain native backbuffer (windows) resolution: 1920x1080
01:38:38:410 (00017084) > [Settings] New display settings are:
01:38:38:410 (00017084) > [**************************************************Display + Graphics Settings**************************************************] 
01:38:38:410 (00017084) > [Settings] DirectX Version: 12
01:38:38:410 (00017084) > [Settings] Window mode: Fullscreen
01:38:38:410 (00017084) > [Settings] Fullscreen display mode:
01:38:38:410 (00017084) > [Settings] 	Displaying on monitor: 0
01:38:38:410 (00017084) > [Settings] 	Resolution: 1920x1080
01:38:38:410 (00017084) > [Settings] 	HDR: Off
01:38:38:410 (00017084) > [Settings] 	OS reported Refresh rate: 60
01:38:38:410 (00017084) > [Settings] 	VSync: On
01:38:38:410 (00017084) > [Settings] 	Reflex: Low Latency
01:38:38:410 (00017084) > [Settings] 	Frame generation: None
01:38:38:410 (00017084) > [Settings] 	Resolution modifier 1.000000
01:38:38:410 (00017084) > [Settings] 	Dynamic resolution FPS target: 30
01:38:38:410 (00017084) > [Settings] Anti aliasing: TAA

01:38:38:410 (00017084) > [Settings] Upscale method: FSR

01:38:38:410 (00017084) > [Settings] Upscale quality: Quality

01:38:38:410 (00017084) > [Settings] Upscale sharpen value: 0.000000

01:38:38:410 (00017084) > [Settings] Graphics Options:
01:38:38:410 (00017084) > [Settings] 	Texture Quality: Low
01:38:38:410 (00017084) > [Settings] 	Texture Filtering: Trilinear
01:38:38:410 (00017084) > [Settings] 	Shadow Quality: Low
01:38:38:410 (00017084) > [Settings] 	Depth of Field: Medium
01:38:38:410 (00017084) > [Settings] 	Level of Detail: Low
01:38:38:410 (00017084) > [Settings] 	Cinematic LOD: Performance
01:38:38:410 (00017084) > [Settings] 	Terrain Quality: Low
01:38:38:410 (00017084) > [Settings] 	Water Quality: Low
01:38:38:410 (00017084) > [Settings] 	Clouds Quality: Low
01:38:38:410 (00017084) > [Settings] 	Crowd Detail: Low
01:38:38:410 (00017084) > [Settings] 	Hair Quality: Low
01:38:38:410 (00017084) > [Settings] 	Ambient Occlusion: Off
01:38:38:410 (00017084) > [Settings] 	Screen Space Reflections: Off
01:38:38:410 (00017084) > [Settings] 	Translucency Quality: Default

01:38:38:410 (00017084) > [Settings] 	Bloom: On
01:38:38:410 (00017084) > [Settings] 	Vignette: On
01:38:38:410 (00017084) > [Settings] 	Chromatic Aberration: On
01:38:38:410 (00017084) > [Settings] 	Motion Blur: 1.000000
01:38:38:410 (00017084) > [Settings] 	FOV Correction: 1.000000
01:38:38:410 (00017084) > [Settings] 	Film Grain Strength: 1.000000
01:38:38:410 (00017084) > [Settings] 	Sharpness: 0.500000
01:38:38:410 (00017084) > [Settings] 	Lens Flares: On
01:38:38:410 (00017084) > [Settings] 	Screen Effects: On
01:38:38:410 (00017084) > [Settings] 	Parallax Occlusion: Off
01:38:38:410 (00017084) > [Settings] 	Screen Space Shadows: Off
01:38:38:410 (00017084) > [**************************************************Display + Graphics Settings**************************************************] 
01:38:38:410 (00017084) > [Settings] End of settings.
01:38:38:414 (00017084) > [NxApp] Finished enforcing display settings
01:38:39:375 (00014608) > [NxSwapChainImpl] Swapchain native backbuffer (windows) resolution: 1920x1080
01:38:39:375 (00017084) > [Settings] New display settings are:
01:38:39:375 (00017084) > [**************************************************Display + Graphics Settings**************************************************] 
01:38:39:375 (00017084) > [Settings] DirectX Version: 12
01:38:39:375 (00017084) > [Settings] Window mode: Fullscreen
01:38:39:375 (00017084) > [Settings] Fullscreen display mode:
01:38:39:375 (00017084) > [Settings] 	Displaying on monitor: 0
01:38:39:375 (00017084) > [Settings] 	Resolution: 1920x1080
01:38:39:375 (00017084) > [Settings] 	HDR: Off
01:38:39:375 (00017084) > [Settings] 	OS reported Refresh rate: 60
01:38:39:376 (00017084) > [Settings] 	VSync: On
01:38:39:376 (00017084) > [Settings] 	Reflex: Low Latency
01:38:39:376 (00017084) > [Settings] 	Frame generation: None
01:38:39:376 (00017084) > [Settings] 	Resolution modifier 1.000000
01:38:39:376 (00017084) > [Settings] 	Dynamic resolution FPS target: 30
01:38:39:376 (00017084) > [Settings] Anti aliasing: TAA

01:38:39:376 (00017084) > [Settings] Upscale method: FSR

01:38:39:376 (00017084) > [Settings] Upscale quality: Quality

01:38:39:376 (00017084) > [Settings] Upscale sharpen value: 0.000000

01:38:39:376 (00017084) > [Settings] Graphics Options:
01:38:39:376 (00017084) > [Settings] 	Texture Quality: Low
01:38:39:376 (00017084) > [Settings] 	Texture Filtering: Trilinear
01:38:39:376 (00017084) > [Settings] 	Shadow Quality: Low
01:38:39:376 (00017084) > [Settings] 	Depth of Field: Medium
01:38:39:376 (00017084) > [Settings] 	Level of Detail: Low
01:38:39:376 (00017084) > [Settings] 	Cinematic LOD: Performance
01:38:39:376 (00017084) > [Settings] 	Terrain Quality: Low
01:38:39:376 (00017084) > [Settings] 	Water Quality: Low
01:38:39:376 (00017084) > [Settings] 	Clouds Quality: Low
01:38:39:376 (00017084) > [Settings] 	Crowd Detail: Low
01:38:39:376 (00017084) > [Settings] 	Hair Quality: Low
01:38:39:376 (00017084) > [Settings] 	Ambient Occlusion: SSAO
01:38:39:376 (00017084) > [Settings] 	Screen Space Reflections: Off
01:38:39:376 (00017084) > [Settings] 	Translucency Quality: Default

01:38:39:376 (00017084) > [Settings] 	Bloom: On
01:38:39:376 (00017084) > [Settings] 	Vignette: On
01:38:39:376 (00017084) > [Settings] 	Chromatic Aberration: On
01:38:39:376 (00017084) > [Settings] 	Motion Blur: 1.000000
01:38:39:376 (00017084) > [Settings] 	FOV Correction: 1.000000
01:38:39:376 (00017084) > [Settings] 	Film Grain Strength: 1.000000
01:38:39:376 (00017084) > [Settings] 	Sharpness: 0.500000
01:38:39:376 (00017084) > [Settings] 	Lens Flares: On
01:38:39:376 (00017084) > [Settings] 	Screen Effects: On
01:38:39:376 (00017084) > [Settings] 	Parallax Occlusion: Off
01:38:39:376 (00017084) > [Settings] 	Screen Space Shadows: Off
01:38:39:376 (00017084) > [**************************************************Display + Graphics Settings**************************************************] 
01:38:39:376 (00017084) > [Settings] End of settings.
01:38:39:382 (00017084) > [NxApp] Finished enforcing display settings
01:38:39:865 (00014608) > [NxSwapChainImpl] Swapchain native backbuffer (windows) resolution: 1920x1080
01:38:39:865 (00017084) > [Settings] New display settings are:
01:38:39:865 (00017084) > [**************************************************Display + Graphics Settings**************************************************] 
01:38:39:865 (00017084) > [Settings] DirectX Version: 12
01:38:39:865 (00017084) > [Settings] Window mode: Fullscreen
01:38:39:865 (00017084) > [Settings] Fullscreen display mode:
01:38:39:865 (00017084) > [Settings] 	Displaying on monitor: 0
01:38:39:865 (00017084) > [Settings] 	Resolution: 1920x1080
01:38:39:865 (00017084) > [Settings] 	HDR: Off
01:38:39:865 (00017084) > [Settings] 	OS reported Refresh rate: 60
01:38:39:865 (00017084) > [Settings] 	VSync: On
01:38:39:865 (00017084) > [Settings] 	Reflex: Low Latency
01:38:39:865 (00017084) > [Settings] 	Frame generation: None
01:38:39:865 (00017084) > [Settings] 	Resolution modifier 1.000000
01:38:39:865 (00017084) > [Settings] 	Dynamic resolution FPS target: 30
01:38:39:865 (00017084) > [Settings] Anti aliasing: TAA

01:38:39:865 (00017084) > [Settings] Upscale method: FSR

01:38:39:865 (00017084) > [Settings] Upscale quality: Quality

01:38:39:865 (00017084) > [Settings] Upscale sharpen value: 0.000000

01:38:39:865 (00017084) > [Settings] Graphics Options:
01:38:39:865 (00017084) > [Settings] 	Texture Quality: Low
01:38:39:865 (00017084) > [Settings] 	Texture Filtering: Trilinear
01:38:39:865 (00017084) > [Settings] 	Shadow Quality: Low
01:38:39:865 (00017084) > [Settings] 	Depth of Field: Medium
01:38:39:865 (00017084) > [Settings] 	Level of Detail: Low
01:38:39:865 (00017084) > [Settings] 	Cinematic LOD: Performance
01:38:39:865 (00017084) > [Settings] 	Terrain Quality: Low
01:38:39:865 (00017084) > [Settings] 	Water Quality: Low
01:38:39:865 (00017084) > [Settings] 	Clouds Quality: Low
01:38:39:865 (00017084) > [Settings] 	Crowd Detail: Low
01:38:39:865 (00017084) > [Settings] 	Hair Quality: Low
01:38:39:865 (00017084) > [Settings] 	Ambient Occlusion: Off
01:38:39:865 (00017084) > [Settings] 	Screen Space Reflections: Off
01:38:39:865 (00017084) > [Settings] 	Translucency Quality: Default

01:38:39:865 (00017084) > [Settings] 	Bloom: On
01:38:39:865 (00017084) > [Settings] 	Vignette: On
01:38:39:865 (00017084) > [Settings] 	Chromatic Aberration: On
01:38:39:865 (00017084) > [Settings] 	Motion Blur: 1.000000
01:38:39:865 (00017084) > [Settings] 	FOV Correction: 1.000000
01:38:39:865 (00017084) > [Settings] 	Film Grain Strength: 1.000000
01:38:39:865 (00017084) > [Settings] 	Sharpness: 0.500000
01:38:39:865 (00017084) > [Settings] 	Lens Flares: On
01:38:39:865 (00017084) > [Settings] 	Screen Effects: On
01:38:39:865 (00017084) > [Settings] 	Parallax Occlusion: Off
01:38:39:865 (00017084) > [Settings] 	Screen Space Shadows: Off
01:38:39:865 (00017084) > [**************************************************Display + Graphics Settings**************************************************] 
01:38:39:865 (00017084) > [Settings] End of settings.
01:38:39:870 (00017084) > [NxApp] Finished enforcing display settings
01:38:40:479 (00014608) > [NxSwapChainImpl] Swapchain native backbuffer (windows) resolution: 1920x1080
01:38:40:479 (00017084) > [Settings] New display settings are:
01:38:40:479 (00017084) > [**************************************************Display + Graphics Settings**************************************************] 
01:38:40:479 (00017084) > [Settings] DirectX Version: 12
01:38:40:479 (00017084) > [Settings] Window mode: Fullscreen
01:38:40:479 (00017084) > [Settings] Fullscreen display mode:
01:38:40:479 (00017084) > [Settings] 	Displaying on monitor: 0
01:38:40:479 (00017084) > [Settings] 	Resolution: 1920x1080
01:38:40:479 (00017084) > [Settings] 	HDR: Off
01:38:40:479 (00017084) > [Settings] 	OS reported Refresh rate: 60
01:38:40:479 (00017084) > [Settings] 	VSync: On
01:38:40:479 (00017084) > [Settings] 	Reflex: Low Latency
01:38:40:479 (00017084) > [Settings] 	Frame generation: None
01:38:40:479 (00017084) > [Settings] 	Resolution modifier 1.000000
01:38:40:479 (00017084) > [Settings] 	Dynamic resolution FPS target: 30
01:38:40:479 (00017084) > [Settings] Anti aliasing: TAA

01:38:40:479 (00017084) > [Settings] Upscale method: FSR

01:38:40:479 (00017084) > [Settings] Upscale quality: Quality

01:38:40:479 (00017084) > [Settings] Upscale sharpen value: 0.000000

01:38:40:479 (00017084) > [Settings] Graphics Options:
01:38:40:479 (00017084) > [Settings] 	Texture Quality: Low
01:38:40:479 (00017084) > [Settings] 	Texture Filtering: Trilinear
01:38:40:479 (00017084) > [Settings] 	Shadow Quality: Low
01:38:40:479 (00017084) > [Settings] 	Depth of Field: Medium
01:38:40:479 (00017084) > [Settings] 	Level of Detail: Low
01:38:40:479 (00017084) > [Settings] 	Cinematic LOD: Performance
01:38:40:479 (00017084) > [Settings] 	Terrain Quality: Low
01:38:40:479 (00017084) > [Settings] 	Water Quality: Low
01:38:40:479 (00017084) > [Settings] 	Clouds Quality: Low
01:38:40:479 (00017084) > [Settings] 	Crowd Detail: Low
01:38:40:479 (00017084) > [Settings] 	Hair Quality: Low
01:38:40:479 (00017084) > [Settings] 	Ambient Occlusion: SSAO
01:38:40:479 (00017084) > [Settings] 	Screen Space Reflections: Off
01:38:40:479 (00017084) > [Settings] 	Translucency Quality: Default

01:38:40:479 (00017084) > [Settings] 	Bloom: On
01:38:40:479 (00017084) > [Settings] 	Vignette: On
01:38:40:480 (00017084) > [Settings] 	Chromatic Aberration: On
01:38:40:480 (00017084) > [Settings] 	Motion Blur: 1.000000
01:38:40:480 (00017084) > [Settings] 	FOV Correction: 1.000000
01:38:40:480 (00017084) > [Settings] 	Film Grain Strength: 1.000000
01:38:40:480 (00017084) > [Settings] 	Sharpness: 0.500000
01:38:40:480 (00017084) > [Settings] 	Lens Flares: On
01:38:40:480 (00017084) > [Settings] 	Screen Effects: On
01:38:40:480 (00017084) > [Settings] 	Parallax Occlusion: Off
01:38:40:480 (00017084) > [Settings] 	Screen Space Shadows: Off
01:38:40:480 (00017084) > [**************************************************Display + Graphics Settings**************************************************] 
01:38:40:480 (00017084) > [Settings] End of settings.
01:38:40:485 (00017084) > [NxApp] Finished enforcing display settings
01:38:41:836 (00014608) > [NxSwapChainImpl] Swapchain native backbuffer (windows) resolution: 1920x1080
01:38:41:836 (00017084) > [Settings] New display settings are:
01:38:41:836 (00017084) > [**************************************************Display + Graphics Settings**************************************************] 
01:38:41:836 (00017084) > [Settings] DirectX Version: 12
01:38:41:836 (00017084) > [Settings] Window mode: Fullscreen
01:38:41:836 (00017084) > [Settings] Fullscreen display mode:
01:38:41:836 (00017084) > [Settings] 	Displaying on monitor: 0
01:38:41:836 (00017084) > [Settings] 	Resolution: 1920x1080
01:38:41:836 (00017084) > [Settings] 	HDR: Off
01:38:41:836 (00017084) > [Settings] 	OS reported Refresh rate: 60
01:38:41:836 (00017084) > [Settings] 	VSync: On
01:38:41:836 (00017084) > [Settings] 	Reflex: Low Latency
01:38:41:836 (00017084) > [Settings] 	Frame generation: None
01:38:41:836 (00017084) > [Settings] 	Resolution modifier 1.000000
01:38:41:836 (00017084) > [Settings] 	Dynamic resolution FPS target: 30
01:38:41:836 (00017084) > [Settings] Anti aliasing: TAA

01:38:41:836 (00017084) > [Settings] Upscale method: FSR

01:38:41:836 (00017084) > [Settings] Upscale quality: Quality

01:38:41:836 (00017084) > [Settings] Upscale sharpen value: 0.000000

01:38:41:836 (00017084) > [Settings] Graphics Options:
01:38:41:836 (00017084) > [Settings] 	Texture Quality: Low
01:38:41:836 (00017084) > [Settings] 	Texture Filtering: Trilinear
01:38:41:836 (00017084) > [Settings] 	Shadow Quality: Low
01:38:41:836 (00017084) > [Settings] 	Depth of Field: Medium
01:38:41:836 (00017084) > [Settings] 	Level of Detail: Low
01:38:41:836 (00017084) > [Settings] 	Cinematic LOD: Performance
01:38:41:836 (00017084) > [Settings] 	Terrain Quality: Low
01:38:41:836 (00017084) > [Settings] 	Water Quality: Low
01:38:41:836 (00017084) > [Settings] 	Clouds Quality: Low
01:38:41:836 (00017084) > [Settings] 	Crowd Detail: Low
01:38:41:836 (00017084) > [Settings] 	Hair Quality: Low
01:38:41:836 (00017084) > [Settings] 	Ambient Occlusion: Off
01:38:41:836 (00017084) > [Settings] 	Screen Space Reflections: Off
01:38:41:837 (00017084) > [Settings] 	Translucency Quality: Default

01:38:41:837 (00017084) > [Settings] 	Bloom: On
01:38:41:837 (00017084) > [Settings] 	Vignette: On
01:38:41:837 (00017084) > [Settings] 	Chromatic Aberration: On
01:38:41:837 (00017084) > [Settings] 	Motion Blur: 1.000000
01:38:41:837 (00017084) > [Settings] 	FOV Correction: 1.000000
01:38:41:837 (00017084) > [Settings] 	Film Grain Strength: 1.000000
01:38:41:837 (00017084) > [Settings] 	Sharpness: 0.500000
01:38:41:837 (00017084) > [Settings] 	Lens Flares: On
01:38:41:837 (00017084) > [Settings] 	Screen Effects: On
01:38:41:837 (00017084) > [Settings] 	Parallax Occlusion: Off
01:38:41:837 (00017084) > [Settings] 	Screen Space Shadows: Off
01:38:41:837 (00017084) > [**************************************************Display + Graphics Settings**************************************************] 
01:38:41:837 (00017084) > [Settings] End of settings.
01:38:41:841 (00017084) > [NxApp] Finished enforcing display settings
01:39:26:008 (00003296) > [Render] Working set: 5884MB Page file: 10124MB Video Budget: 5198MB Video Usage: 3894MB Sys Budget: 7464MB Sys Usage: 1027MB Tex Usage: 728MB Tex Budget: 720MB Mesh Usage: 1463MB Mesh Budget: 1730MB Demoted: 86MB fps: 27.166666
01:40:26:025 (00003296) > [Render] Working set: 5817MB Page file: 9746MB Video Budget: 5198MB Video Usage: 3611MB Sys Budget: 7464MB Sys Usage: 1027MB Tex Usage: 728MB Tex Budget: 720MB Mesh Usage: 1198MB Mesh Budget: 1730MB Demoted: 174MB fps: 30.700001
01:41:26:018 (00003296) > [Render] Working set: 5830MB Page file: 9667MB Video Budget: 5198MB Video Usage: 3543MB Sys Budget: 7464MB Sys Usage: 1027MB Tex Usage: 728MB Tex Budget: 720MB Mesh Usage: 1193MB Mesh Budget: 1730MB Demoted: 230MB fps: 29.200001
01:42:26:052 (00003296) > [Render] Working set: 5986MB Page file: 9770MB Video Budget: 5198MB Video Usage: 3513MB Sys Budget: 7464MB Sys Usage: 1029MB Tex Usage: 725MB Tex Budget: 720MB Mesh Usage: 1214MB Mesh Budget: 1730MB Demoted: 242MB fps: 27.133333
01:43:12:598 (00014608) > [NxAppImpl] Recreating DXGI
01:43:12:598 (00014608) > [DXGI] Initializing...
01:43:12:603 (00014608) > [DXGI] Successfully initialized.
01:43:12:603 (00014608) > [Render] Enumerating adapters:
01:43:12:605 (00014608) > [Render] 	Adapter 0:
01:43:12:605 (00014608) > [Monitor] 		Description             : NVIDIA GeForce GTX 1660 Ti
01:43:12:605 (00014608) > [Monitor] 		Vendor                  : nVidia (10de)
01:43:12:605 (00014608) > [Monitor] 		Device                  : 2191
01:43:12:605 (00014608) > [Monitor] 		Sub system              : 8574103c
01:43:12:605 (00014608) > [Monitor] 		Revision                : 161
01:43:12:605 (00014608) > [Monitor] 		Dedicated Video Memory  : 5966 MB
01:43:12:605 (00014608) > [Monitor] 		Dedicated System Memory : 0000 MB
01:43:12:605 (00014608) > [Monitor] 		Shared System Memory    : 8127 MB
01:43:12:605 (00014608) > [Monitor] 
01:43:12:609 (00014608) > [Render] 	Adapter 1:
01:43:12:610 (00014608) > [Monitor] 		Description             : Microsoft Basic Render Driver
01:43:12:610 (00014608) > [Monitor] 		Vendor                  : Unknown (1414)
01:43:12:610 (00014608) > [Monitor] 		Device                  : 8c
01:43:12:610 (00014608) > [Monitor] 		Sub system              : 0
01:43:12:610 (00014608) > [Monitor] 		Revision                : 0
01:43:12:610 (00014608) > [Monitor] 		Dedicated Video Memory  : 0000 MB
01:43:12:610 (00014608) > [Monitor] 		Dedicated System Memory : 0000 MB
01:43:12:610 (00014608) > [Monitor] 		Shared System Memory    : 8127 MB
01:43:12:610 (00014608) > [Monitor] 
01:43:12:610 (00014608) > [Render] Enumerating monitors:
01:43:12:610 (00014608) > [Render] 	Monitor 0: handle = 0000000000010071, aspect = 1.77, rounded aspect = 1.78
01:43:12:610 (00014608) > [Render] 
01:43:12:618 (00014608) > [Render] 	Monitor handle = 0000000000010071, pixel aspect ratio = 1.00
01:43:12:619 (00014608) > [Render] Enumerating Display Modes:
01:43:12:874 (00014608) > [Render] Querying NVAPI for Surround modes
01:43:13:362 (00014608) > [Render] NvAPI_Mosaic_GetDisplayViewportsByResolution() - no surround modes detected
01:43:13:363 (00014608) > [Render] 	Monitor '1 (NVIDIA GeForce GTX 1660 Ti(1))' (0000000000010071): rect(0 1920 0 1080)
01:43:13:363 (00014608) > [Render] 		- Mode  0 :  800 x  600 @  60 Hz, stereo = 0, hdr = 0 exclusive = 0
01:43:13:363 (00014608) > [Render] 		- Mode  1 :  800 x  600 @  60 Hz, stereo = 0, hdr = 0 exclusive = 0
01:43:13:363 (00014608) > [Render] 		- Mode  2 :  800 x  600 @ 144 Hz, stereo = 0, hdr = 0 exclusive = 0
01:43:13:363 (00014608) > [Render] 		- Mode  3 :  800 x  600 @ 144 Hz, stereo = 0, hdr = 0 exclusive = 0
01:43:13:363 (00014608) > [Render] 		- Mode  4 : 1024 x  768 @  60 Hz, stereo = 0, hdr = 0 exclusive = 0
01:43:13:363 (00014608) > [Render] 		- Mode  5 : 1024 x  768 @  60 Hz, stereo = 0, hdr = 0 exclusive = 0
01:43:13:363 (00014608) > [Render] 		- Mode  6 : 1024 x  768 @ 144 Hz, stereo = 0, hdr = 0 exclusive = 0
01:43:13:363 (00014608) > [Render] 		- Mode  7 : 1024 x  768 @ 144 Hz, stereo = 0, hdr = 0 exclusive = 0
01:43:13:363 (00014608) > [Render] 		- Mode  8 : 1152 x  864 @  60 Hz, stereo = 0, hdr = 0 exclusive = 0
01:43:13:363 (00014608) > [Render] 		- Mode  9 : 1152 x  864 @  60 Hz, stereo = 0, hdr = 0 exclusive = 0
01:43:13:363 (00014608) > [Render] 		- Mode 10 : 1152 x  864 @ 144 Hz, stereo = 0, hdr = 0 exclusive = 0
01:43:13:363 (00014608) > [Render] 		- Mode 11 : 1152 x  864 @ 144 Hz, stereo = 0, hdr = 0 exclusive = 0
01:43:13:363 (00014608) > [Render] 		- Mode 12 : 1280 x  720 @  60 Hz, stereo = 0, hdr = 0 exclusive = 0
01:43:13:363 (00014608) > [Render] 		- Mode 13 : 1280 x  720 @  60 Hz, stereo = 0, hdr = 0 exclusive = 0
01:43:13:363 (00014608) > [Render] 		- Mode 14 : 1280 x  720 @ 144 Hz, stereo = 0, hdr = 0 exclusive = 0
01:43:13:363 (00014608) > [Render] 		- Mode 15 : 1280 x  720 @ 144 Hz, stereo = 0, hdr = 0 exclusive = 0
01:43:13:363 (00014608) > [Render] 		- Mode 16 : 1280 x  768 @  60 Hz, stereo = 0, hdr = 0 exclusive = 0
01:43:13:363 (00014608) > [Render] 		- Mode 17 : 1280 x  768 @  60 Hz, stereo = 0, hdr = 0 exclusive = 0
01:43:13:363 (00014608) > [Render] 		- Mode 18 : 1280 x  768 @ 144 Hz, stereo = 0, hdr = 0 exclusive = 0
01:43:13:363 (00014608) > [Render] 		- Mode 19 : 1280 x  768 @ 144 Hz, stereo = 0, hdr = 0 exclusive = 0
01:43:13:363 (00014608) > [Render] 		- Mode 20 : 1280 x  800 @  60 Hz, stereo = 0, hdr = 0 exclusive = 0
01:43:13:363 (00014608) > [Render] 		- Mode 21 : 1280 x  800 @  60 Hz, stereo = 0, hdr = 0 exclusive = 0
01:43:13:363 (00014608) > [Render] 		- Mode 22 : 1280 x  800 @ 144 Hz, stereo = 0, hdr = 0 exclusive = 0
01:43:13:363 (00014608) > [Render] 		- Mode 23 : 1280 x  800 @ 144 Hz, stereo = 0, hdr = 0 exclusive = 0
01:43:13:363 (00014608) > [Render] 		- Mode 24 : 1280 x  960 @  60 Hz, stereo = 0, hdr = 0 exclusive = 0
01:43:13:363 (00014608) > [Render] 		- Mode 25 : 1280 x  960 @  60 Hz, stereo = 0, hdr = 0 exclusive = 0
01:43:13:363 (00014608) > [Render] 		- Mode 26 : 1280 x  960 @ 144 Hz, stereo = 0, hdr = 0 exclusive = 0
01:43:13:363 (00014608) > [Render] 		- Mode 27 : 1280 x  960 @ 144 Hz, stereo = 0, hdr = 0 exclusive = 0
01:43:13:363 (00014608) > [Render] 		- Mode 28 : 1280 x 1024 @  60 Hz, stereo = 0, hdr = 0 exclusive = 0
01:43:13:363 (00014608) > [Render] 		- Mode 29 : 1280 x 1024 @  60 Hz, stereo = 0, hdr = 0 exclusive = 0
01:43:13:363 (00014608) > [Render] 		- Mode 30 : 1280 x 1024 @ 144 Hz, stereo = 0, hdr = 0 exclusive = 0
01:43:13:363 (00014608) > [Render] 		- Mode 31 : 1280 x 1024 @ 144 Hz, stereo = 0, hdr = 0 exclusive = 0
01:43:13:363 (00014608) > [Render] 		- Mode 32 : 1360 x  768 @  60 Hz, stereo = 0, hdr = 0 exclusive = 0
01:43:13:363 (00014608) > [Render] 		- Mode 33 : 1360 x  768 @  60 Hz, stereo = 0, hdr = 0 exclusive = 0
01:43:13:363 (00014608) > [Render] 		- Mode 34 : 1360 x  768 @ 144 Hz, stereo = 0, hdr = 0 exclusive = 0
01:43:13:363 (00014608) > [Render] 		- Mode 35 : 1360 x  768 @ 144 Hz, stereo = 0, hdr = 0 exclusive = 0
01:43:13:363 (00014608) > [Render] 		- Mode 36 : 1366 x  768 @  60 Hz, stereo = 0, hdr = 0 exclusive = 0
01:43:13:363 (00014608) > [Render] 		- Mode 37 : 1366 x  768 @  60 Hz, stereo = 0, hdr = 0 exclusive = 0
01:43:13:363 (00014608) > [Render] 		- Mode 38 : 1366 x  768 @ 144 Hz, stereo = 0, hdr = 0 exclusive = 0
01:43:13:363 (00014608) > [Render] 		- Mode 39 : 1366 x  768 @ 144 Hz, stereo = 0, hdr = 0 exclusive = 0
01:43:13:363 (00014608) > [Render] 		- Mode 40 : 1440 x  900 @  60 Hz, stereo = 0, hdr = 0 exclusive = 0
01:43:13:363 (00014608) > [Render] 		- Mode 41 : 1440 x  900 @  60 Hz, stereo = 0, hdr = 0 exclusive = 0
01:43:13:363 (00014608) > [Render] 		- Mode 42 : 1440 x  900 @ 144 Hz, stereo = 0, hdr = 0 exclusive = 0
01:43:13:363 (00014608) > [Render] 		- Mode 43 : 1440 x  900 @ 144 Hz, stereo = 0, hdr = 0 exclusive = 0
01:43:13:363 (00014608) > [Render] 		- Mode 44 : 1440 x 1080 @  60 Hz, stereo = 0, hdr = 0 exclusive = 0
01:43:13:363 (00014608) > [Render] 		- Mode 45 : 1440 x 1080 @  60 Hz, stereo = 0, hdr = 0 exclusive = 0
01:43:13:363 (00014608) > [Render] 		- Mode 46 : 1440 x 1080 @ 144 Hz, stereo = 0, hdr = 0 exclusive = 0
01:43:13:363 (00014608) > [Render] 		- Mode 47 : 1440 x 1080 @ 144 Hz, stereo = 0, hdr = 0 exclusive = 0
01:43:13:363 (00014608) > [Render] 		- Mode 48 : 1600 x  900 @  60 Hz, stereo = 0, hdr = 0 exclusive = 0
01:43:13:363 (00014608) > [Render] 		- Mode 49 : 1600 x  900 @  60 Hz, stereo = 0, hdr = 0 exclusive = 0
01:43:13:363 (00014608) > [Render] 		- Mode 50 : 1600 x  900 @ 144 Hz, stereo = 0, hdr = 0 exclusive = 0
01:43:13:363 (00014608) > [Render] 		- Mode 51 : 1600 x  900 @ 144 Hz, stereo = 0, hdr = 0 exclusive = 0
01:43:13:363 (00014608) > [Render] 		- Mode 52 : 1600 x 1024 @  60 Hz, stereo = 0, hdr = 0 exclusive = 0
01:43:13:363 (00014608) > [Render] 		- Mode 53 : 1600 x 1024 @  60 Hz, stereo = 0, hdr = 0 exclusive = 0
01:43:13:363 (00014608) > [Render] 		- Mode 54 : 1600 x 1024 @ 144 Hz, stereo = 0, hdr = 0 exclusive = 0
01:43:13:363 (00014608) > [Render] 		- Mode 55 : 1600 x 1024 @ 144 Hz, stereo = 0, hdr = 0 exclusive = 0
01:43:13:363 (00014608) > [Render] 		- Mode 56 : 1680 x 1050 @  60 Hz, stereo = 0, hdr = 0 exclusive = 0
01:43:13:363 (00014608) > [Render] 		- Mode 57 : 1680 x 1050 @  60 Hz, stereo = 0, hdr = 0 exclusive = 0
01:43:13:363 (00014608) > [Render] 		- Mode 58 : 1680 x 1050 @ 144 Hz, stereo = 0, hdr = 0 exclusive = 0
01:43:13:363 (00014608) > [Render] 		- Mode 59 : 1680 x 1050 @ 144 Hz, stereo = 0, hdr = 0 exclusive = 0
01:43:13:363 (00014608) > [Render] 		- Mode 60 : 1920 x 1080 @  60 Hz, stereo = 0, hdr = 0 exclusive = 0
01:43:13:363 (00014608) > [Render] 		- Mode 61 : 1920 x 1080 @ 144 Hz, stereo = 0, hdr = 0 exclusive = 0
01:43:13:363 (00014608) > [Render] ***** Additional Monitor Output Info *****
01:43:13:363 (00014608) > [Render] 		BitsPerColor: 8
01:43:13:363 (00014608) > [Render] 		Primaries: R=0.6396;0.3301  G=0.3047;0.6055  B=0.1504;0.0547  White-Point=0.3135;0.3291
01:43:13:363 (00014608) > [Render] 		HDR: No (Color Space: DXGI_COLOR_SPACE_RGB_FULL_G22_NONE_P709)
01:43:13:363 (00014608) > [Render] 		Luminance: Min=0.5000 Max=270.0000 MaxFullFrame=270.0000
01:43:13:363 (00014608) > [Render] ******************************************
01:43:13:363 (00014608) > [Render] 
01:43:13:363 (00014608) > [NxAppImpl] Force swap chain recreate to use new DXGIFactory
01:43:13:364 (00014608) > [NxSwapChainImpl] Force swapchain recreate
01:43:13:364 (00014608) > [NxSwapChainImpl] Swapchain native backbuffer (windows) resolution: 1920x1080
01:43:13:365 (00014608) > [SwapChain] Recreating swapchain...
01:43:13:372 (00014608) > [DXGI] Destroyed swapchain.
01:43:13:372 (00014608) > [SwapChain] Destroyed.
01:43:13:372 (00014608) > [SwapChain] Creating...
01:43:13:372 (00014608) > [NxSwapChainImpl] Swapchain native backbuffer (windows) resolution: 1920x1080
01:43:13:403 (00014608) > [DXGI] Created swapchain.
01:43:13:410 (00014608) > [SwapChain] Successfully created.
01:43:13:410 (00014608) > [NxSwapChainImpl] Swapchain native backbuffer (windows) resolution: 1920x1080
01:43:13:410 (00014608) > [SwapChain] Successfully recreated.
01:43:13:410 (00017084) > [GameWindow] UpdateState bVisible true
01:43:13:442 (00017084) > [Settings] New display settings are:
01:43:13:442 (00017084) > [**************************************************Display + Graphics Settings**************************************************] 
01:43:13:442 (00017084) > [Settings] DirectX Version: 12
01:43:13:442 (00017084) > [Settings] Window mode: Fullscreen
01:43:13:442 (00017084) > [Settings] Fullscreen display mode:
01:43:13:442 (00017084) > [Settings] 	Displaying on monitor: 0
01:43:13:442 (00017084) > [Settings] 	Resolution: 1920x1080
01:43:13:442 (00017084) > [Settings] 	HDR: Off
01:43:13:443 (00017084) > [Settings] 	OS reported Refresh rate: 60
01:43:13:443 (00017084) > [Settings] 	VSync: On
01:43:13:443 (00017084) > [Settings] 	Reflex: Low Latency
01:43:13:443 (00017084) > [Settings] 	Frame generation: None
01:43:13:443 (00017084) > [Settings] 	Resolution modifier 1.000000
01:43:13:443 (00017084) > [Settings] 	Dynamic resolution FPS target: 30
01:43:13:443 (00017084) > [Settings] Anti aliasing: TAA

01:43:13:443 (00017084) > [Settings] Upscale method: FSR

01:43:13:443 (00017084) > [Settings] Upscale quality: Quality

01:43:13:443 (00017084) > [Settings] Upscale sharpen value: 0.000000

01:43:13:443 (00017084) > [Settings] Graphics Options:
01:43:13:443 (00017084) > [Settings] 	Texture Quality: Low
01:43:13:443 (00017084) > [Settings] 	Texture Filtering: Trilinear
01:43:13:443 (00017084) > [Settings] 	Shadow Quality: Low
01:43:13:443 (00017084) > [Settings] 	Depth of Field: Medium
01:43:13:443 (00017084) > [Settings] 	Level of Detail: Low
01:43:13:443 (00017084) > [Settings] 	Cinematic LOD: Performance
01:43:13:443 (00017084) > [Settings] 	Terrain Quality: Low
01:43:13:443 (00017084) > [Settings] 	Water Quality: Low
01:43:13:443 (00017084) > [Settings] 	Clouds Quality: Low
01:43:13:443 (00017084) > [Settings] 	Crowd Detail: Low
01:43:13:443 (00017084) > [Settings] 	Hair Quality: Low
01:43:13:443 (00017084) > [Settings] 	Ambient Occlusion: Off
01:43:13:443 (00017084) > [Settings] 	Screen Space Reflections: Off
01:43:13:443 (00017084) > [Settings] 	Translucency Quality: Default

01:43:13:443 (00017084) > [Settings] 	Bloom: On
01:43:13:443 (00017084) > [Settings] 	Vignette: On
01:43:13:443 (00017084) > [Settings] 	Chromatic Aberration: On
01:43:13:443 (00017084) > [Settings] 	Motion Blur: 1.000000
01:43:13:443 (00017084) > [Settings] 	FOV Correction: 1.000000
01:43:13:443 (00017084) > [Settings] 	Film Grain Strength: 1.000000
01:43:13:443 (00017084) > [Settings] 	Sharpness: 0.500000
01:43:13:443 (00017084) > [Settings] 	Lens Flares: On
01:43:13:443 (00017084) > [Settings] 	Screen Effects: On
01:43:13:443 (00017084) > [Settings] 	Parallax Occlusion: Off
01:43:13:443 (00017084) > [Settings] 	Screen Space Shadows: Off
01:43:13:443 (00017084) > [**************************************************Display + Graphics Settings**************************************************] 
01:43:13:443 (00017084) > [Settings] End of settings.
01:43:13:447 (00017084) > [NxApp] Finished enforcing display settings
01:43:26:075 (00003296) > [Render] Working set: 6004MB Page file: 9752MB Video Budget: 5198MB Video Usage: 3496MB Sys Budget: 7464MB Sys Usage: 1029MB Tex Usage: 726MB Tex Budget: 720MB Mesh Usage: 1214MB Mesh Budget: 1730MB Demoted: 251MB fps: 23.066668
01:44:26:065 (00003296) > [Render] Working set: 6027MB Page file: 9747MB Video Budget: 5198MB Video Usage: 3473MB Sys Budget: 7464MB Sys Usage: 1029MB Tex Usage: 725MB Tex Budget: 720MB Mesh Usage: 1216MB Mesh Budget: 1730MB Demoted: 251MB fps: 29.350000
01:45:26:091 (00003296) > [Render] Working set: 6104MB Page file: 10446MB Video Budget: 5197MB Video Usage: 4106MB Sys Budget: 7464MB Sys Usage: 1030MB Tex Usage: 724MB Tex Budget: 720MB Mesh Usage: 1501MB Mesh Budget: 1730MB Demoted: 256MB fps: 29.966667
01:46:26:196 (00003296) > [Render] Working set: 5919MB Page file: 10408MB Video Budget: 5197MB Video Usage: 4027MB Sys Budget: 7464MB Sys Usage: 1032MB Tex Usage: 724MB Tex Budget: 720MB Mesh Usage: 1509MB Mesh Budget: 1730MB Demoted: 256MB fps: 21.600000
01:47:26:199 (00003296) > [Render] Working set: 6040MB Page file: 10569MB Video Budget: 5197MB Video Usage: 4075MB Sys Budget: 7464MB Sys Usage: 1033MB Tex Usage: 724MB Tex Budget: 720MB Mesh Usage: 1520MB Mesh Budget: 1730MB Demoted: 268MB fps: 22.866667
01:48:13:085 (00017084) > [GameWindow] Window close requested
01:48:13:128 (00017084) > [App] Quit request confirmed by user
01:48:14:570 (00017084) > [NxApp] Destroying
01:48:14:643 (00017084) > [DXGI] Destroyed swapchain.
01:48:14:643 (00017084) > [SwapChain] Destroyed.
01:48:14:643 (00017084) > [SwapChain] Released.
01:48:14:643 (00017084) > [Render] Unloading NVAPI
01:48:14:643 (00017084) > [Render] Done unloading NVAPI
01:48:14:648 (00017084) > [DXGI] Destroyed swapchain.
01:48:14:648 (00017084) > [DXGI] Released.
01:48:14:697 (00017084) > [NxApp] Shutting down module prefetch thread - 14768 MiB was prefetched
--- NIXXES log closed ---
